GeneA	GeneB	nA	nB	nBoth	Expected	OddsRatio	p_cooccur	FDR_cooccur	p_exclusive	FDR_exclusive	Relationship	GeneA_neo	GeneB_neo
TP53	KRAS	246	245	105	102.8	1.064	0.3895	0.5765	0.6737	1	n.s.	True	True
KRAS	PIK3CA	245	145	84	60.62	2.386	4.966e-06	0.0001266	1	1	Co-occurring	True	True
TP53	PIK3CA	246	145	43	60.87	0.497	0.9998	1	0.0003239	0.04543	Mutually exclusive	True	True
KRAS	SMAD4	245	55	31	22.99	1.903	0.01609	0.05939	0.9924	1	n.s.	True	True
PIK3CA	SMAD4	145	55	24	13.61	2.628	0.0009812	0.008095	0.9997	1	Co-occurring	True	True
KRAS	FBXW7	245	51	23	21.32	1.162	0.3612	0.5545	0.7423	1	n.s.	True	True
PIK3CA	KMT2D	145	45	22	11.13	3.244	0.0002222	0.002833	0.9999	1	Co-occurring	True	False
PIK3CA	FBXW7	145	51	21	12.62	2.33	0.005092	0.02551	0.998	1	Co-occurring	True	True
PIK3CA	BRAF	145	61	21	15.09	1.712	0.04817	0.1305	0.9749	1	n.s.	True	False
TP53	SMAD4	246	55	20	23.09	0.779	0.8486	1	0.2297	1	n.s.	True	True
KRAS	PCBP1	245	25	19	10.45	4.444	0.000426	0.004686	0.9999	1	Co-occurring	True	True
KRAS	KMT2D	245	45	18	18.81	0.93	0.6579	0.8523	0.4636	1	n.s.	True	False
APC	KRAS	41	245	17	17.14	0.992	0.5804	0.7691	0.5498	1	n.s.	True	True
APC	PIK3CA	41	145	17	10.15	2.321	0.01096	0.043	0.9958	1	Co-occurring	True	True
APC	POLE	41	30	17	2.1	28.18	4.225e-14	2.370e-11	1	1	Co-occurring	True	True
TP53	FBXW7	246	51	17	21.41	0.677	0.9289	1	0.1222	1	n.s.	True	True
PIK3CA	CTNNB1	145	31	16	7.67	3.506	0.0008377	0.007496	0.9998	1	Co-occurring	True	True
PIK3CA	POLE	145	30	16	7.42	3.756	0.000516	0.005253	0.9999	1	Co-occurring	True	True
BRAF	KMT2D	61	45	16	4.68	6.103	1.778e-06	6.649e-05	1	1	Co-occurring	False	False
APC	TP53	41	246	15	17.21	0.795	0.8127	0.9976	0.2892	1	n.s.	True	True
TP53	NRAS	246	36	15	15.11	0.995	0.5813	0.7691	0.5568	1	n.s.	True	True
KRAS	CTNNB1	245	31	15	12.96	1.327	0.2806	0.4588	0.8292	1	n.s.	True	True
PIK3CA	ATM	145	39	15	9.65	2.024	0.03515	0.106	0.9847	1	n.s.	True	True
KRAS	TCF7L2	245	27	14	11.29	1.524	0.188	0.3552	0.8996	1	n.s.	True	True
PIK3CA	KMT2C	145	39	14	9.65	1.801	0.07315	0.1769	0.9648	1	n.s.	True	False
KMT2D	POLE	45	30	14	2.3	14.66	1.898e-09	3.549e-07	1	1	Co-occurring	False	True
TP53	TCF7L2	246	27	13	11.33	1.302	0.3185	0.5033	0.8069	1	n.s.	True	True
TP53	ATM	246	39	13	16.37	0.686	0.9045	1	0.1676	1	n.s.	True	True
KRAS	SOX9	245	20	13	8.36	2.59	0.02888	0.09155	0.9908	1	n.s.	True	False
KRAS	ATM	245	39	13	16.31	0.691	0.9007	1	0.1732	1	n.s.	True	True
KRAS	ERBB3	245	26	13	10.87	1.413	0.2522	0.4354	0.8574	1	n.s.	True	True
KMT2C	KMT2D	39	45	13	2.99	8.08	1.074e-06	4.637e-05	1	1	Co-occurring	False	False
APC	KMT2C	41	39	12	2.73	7.989	2.721e-06	8.979e-05	1	1	Co-occurring	True	False
TP53	CTNNB1	246	31	12	13.01	0.879	0.7118	0.8994	0.4275	1	n.s.	True	True
TP53	BRAF	246	61	12	25.61	0.314	1	1	9.700e-05	0.01814	Mutually exclusive	True	False
TP53	ERBB3	246	26	12	10.91	1.2	0.4026	0.5912	0.7419	1	n.s.	True	True
PIK3CA	PCBP1	145	25	12	6.19	2.972	0.008471	0.03684	0.9975	1	Co-occurring	True	True
FBXW7	BRAF	51	61	12	5.31	3.11	0.003455	0.01938	0.999	1	Co-occurring	True	False
BRAF	KMT2C	61	39	12	4.06	4.578	0.0002355	0.002872	1	1	Co-occurring	False	False
ATM	KMT2D	39	45	12	2.99	6.981	8.233e-06	0.000185	1	1	Co-occurring	True	False
KMT2C	POLE	39	30	12	2	13.01	4.931e-08	4.329e-06	1	1	Co-occurring	False	True
APC	ATM	41	39	11	2.73	6.846	2.056e-05	0.0004272	1	1	Co-occurring	True	True
KRAS	KMT2C	245	39	11	16.31	0.539	0.9765	1	0.05119	1	n.s.	True	False
CTNNB1	KMT2D	31	45	11	2.38	8.48	4.364e-06	0.0001238	1	1	Co-occurring	True	False
BRAF	MSH6	61	19	11	1.98	13.86	2.543e-07	1.585e-05	1	1	Co-occurring	False	False
ATM	POLE	39	30	11	2	10.94	5.967e-07	3.348e-05	1	1	Co-occurring	True	True
APC	BRAF	41	61	10	4.27	3.201	0.005977	0.02916	0.9983	1	Co-occurring	True	False
APC	AMER1	41	19	10	1.33	18.82	5.402e-08	4.329e-06	1	1	Co-occurring	True	False
APC	KMT2D	41	45	10	3.15	4.793	0.0004901	0.00517	0.9999	1	Co-occurring	True	False
APC	ERBB3	41	26	10	1.82	10.7	2.175e-06	7.628e-05	1	1	Co-occurring	True	True
KRAS	POLE	245	30	10	12.54	0.699	0.8771	1	0.2202	1	n.s.	True	True
PIK3CA	TCF7L2	145	27	10	6.68	1.88	0.1019	0.224	0.9547	1	n.s.	True	True
PIK3CA	ERBB3	145	26	10	6.43	1.998	0.08098	0.1919	0.966	1	n.s.	True	True
BRAF	ATM	61	39	10	4.06	3.431	0.004022	0.02129	0.999	1	Co-occurring	False	True
BRAF	POLE	61	30	10	3.12	5.027	0.0004099	0.004686	0.9999	1	Co-occurring	False	True
ATM	KMT2C	39	39	10	2.6	6.256	8.335e-05	0.001285	1	1	Co-occurring	True	False
POLE	MSH6	30	19	10	0.97	29.52	1.705e-09	3.549e-07	1	1	Co-occurring	True	False
APC	TCF7L2	41	27	9	1.89	8.335	3.069e-05	0.0006026	1	1	Co-occurring	True	True
APC	MSH6	41	19	9	1.33	14.91	9.165e-07	4.299e-05	1	1	Co-occurring	True	False
TP53	KMT2D	246	45	9	18.89	0.334	0.9997	1	0.00112	0.1257	n.s.	True	False
TP53	ERBB2	246	19	9	7.98	1.259	0.3982	0.5864	0.7656	1	n.s.	True	True
KRAS	SMAD2	245	15	9	6.27	2.073	0.1192	0.2543	0.9557	1	n.s.	True	True
KRAS	GNAS	245	14	9	5.85	2.458	0.07427	0.1788	0.9768	1	n.s.	True	False
PIK3CA	SOX9	145	20	9	4.95	2.605	0.03586	0.1076	0.9885	1	n.s.	True	False
PIK3CA	AMER1	145	19	9	4.7	2.86	0.02491	0.08077	0.9927	1	n.s.	True	False
PIK3CA	RNF43	145	19	9	4.7	2.86	0.02491	0.08077	0.9927	1	n.s.	True	False
PIK3CA	MSH6	145	19	9	4.7	2.86	0.02491	0.08077	0.9927	1	n.s.	True	False
FBXW7	ATM	51	39	9	3.39	3.705	0.003909	0.02113	0.9991	1	Co-occurring	True	True
TCF7L2	POLE	27	30	9	1.38	12.86	1.733e-06	6.649e-05	1	1	Co-occurring	True	True
BRAF	AMER1	61	19	9	1.98	8.884	3.249e-05	0.0006075	1	1	Co-occurring	False	False
APC	FBXW7	41	51	8	3.57	2.931	0.019	0.0662	0.9944	1	n.s.	True	True
APC	ARID1A	41	17	8	1.19	14.33	4.415e-06	0.0001238	1	1	Co-occurring	True	False
TP53	ARID1A	246	17	8	7.14	1.244	0.4235	0.613	0.7534	1	n.s.	True	False
TP53	KMT2C	246	39	8	16.37	0.35	0.999	1	0.003165	0.2959	n.s.	True	False
TP53	PCBP1	246	25	8	10.49	0.659	0.894	1	0.2056	1	n.s.	True	True
TP53	MAP2K4	246	19	8	7.98	1.021	0.5841	0.7711	0.6018	1	n.s.	True	True
KRAS	ERBB2	245	19	8	7.94	1.029	0.5781	0.7685	0.6077	1	n.s.	True	True
KRAS	PTEN	245	17	8	7.11	1.253	0.4178	0.6088	0.758	1	n.s.	True	True
KRAS	RNF43	245	19	8	7.94	1.029	0.5781	0.7685	0.6077	1	n.s.	True	False
KRAS	MAP2K4	245	19	8	7.94	1.029	0.5781	0.7685	0.6077	1	n.s.	True	True
PIK3CA	SMAD2	145	15	8	3.71	3.581	0.01506	0.05668	0.9965	1	n.s.	True	True
PIK3CA	MAP2K4	145	19	8	4.7	2.314	0.07023	0.1729	0.9751	1	n.s.	True	True
FBXW7	CTNNB1	51	31	8	2.7	4.261	0.003136	0.01795	0.9994	1	Co-occurring	True	True
SMAD4	KMT2D	55	45	8	4.22	2.36	0.04886	0.1318	0.9823	1	n.s.	True	False
CTNNB1	ATM	31	39	8	2.06	6.023	0.0004747	0.005122	0.9999	1	Co-occurring	True	True
CTNNB1	POLE	31	30	8	1.59	8.576	6.302e-05	0.001071	1	1	Co-occurring	True	True
BRAF	RNF43	61	19	8	1.98	7.108	0.0002653	0.003166	1	1	Co-occurring	False	False
AMER1	ATM	19	39	8	1.26	12.59	8.245e-06	0.000185	1	1	Co-occurring	False	True
AMER1	POLE	19	30	8	0.97	17.92	9.196e-07	4.299e-05	1	1	Co-occurring	False	True
KMT2C	MSH6	39	19	8	1.26	12.59	8.245e-06	0.000185	1	1	Co-occurring	False	False
APC	CDC27	41	9	7	0.63	47.26	1.604e-07	1.124e-05	1	1	Co-occurring	True	True
TP53	POLE	246	30	7	12.59	0.423	0.9915	1	0.02404	1	n.s.	True	True
KRAS	TGFBR2	245	11	7	4.6	2.358	0.121	0.2572	0.9627	1	n.s.	True	False
PIK3CA	NRAS	145	36	7	8.91	0.757	0.831	1	0.2948	1	n.s.	True	True
PIK3CA	ARID1A	145	17	7	4.21	2.225	0.09914	0.2234	0.9642	1	n.s.	True	False
PIK3CA	PTEN	145	17	7	4.21	2.225	0.09914	0.2234	0.9642	1	n.s.	True	True
FBXW7	KMT2C	51	39	7	3.39	2.611	0.04311	0.1232	0.9859	1	n.s.	True	False
FBXW7	POLE	51	30	7	2.61	3.676	0.01061	0.04223	0.9975	1	Co-occurring	True	True
SMAD4	CTNNB1	55	31	7	2.91	3.203	0.01924	0.06663	0.9948	1	n.s.	True	True
SMAD4	ATM	55	39	7	3.66	2.377	0.06172	0.1573	0.978	1	n.s.	True	True
SMAD4	POLE	55	30	7	2.82	3.346	0.01606	0.05939	0.9959	1	n.s.	True	True
TCF7L2	ATM	27	39	7	1.8	5.938	0.001109	0.008805	0.9998	1	Co-occurring	True	True
TCF7L2	KMT2D	27	45	7	2.07	4.956	0.002704	0.01614	0.9995	1	Co-occurring	True	False
CTNNB1	KMT2C	31	39	7	2.06	4.931	0.002686	0.01614	0.9995	1	Co-occurring	True	False
ATM	MSH6	39	19	7	1.26	9.886	9.392e-05	0.001285	1	1	Co-occurring	True	False
ATM	MAP2K4	39	19	7	1.26	9.886	9.392e-05	0.001285	1	1	Co-occurring	True	True
KMT2C	RNF43	39	19	7	1.26	9.886	9.392e-05	0.001285	1	1	Co-occurring	False	False
KMT2D	ERBB3	45	26	7	2	5.22	0.002126	0.01373	0.9996	1	Co-occurring	False	True
POLE	CDC27	30	9	7	0.46	70.79	1.503e-08	2.108e-06	1	1	Co-occurring	True	True
APC	SMAD4	41	55	6	3.85	1.837	0.1758	0.3424	0.9223	1	n.s.	True	True
APC	CTNNB1	41	31	6	2.17	3.737	0.01595	0.05939	0.9964	1	n.s.	True	True
APC	ERBB2	41	19	6	1.33	7.222	0.001114	0.008805	0.9999	1	Co-occurring	True	True
APC	PTEN	41	17	6	1.19	8.51	0.0005655	0.005566	0.9999	1	Co-occurring	True	True
TP53	AMER1	246	19	6	7.98	0.656	0.8803	1	0.2453	1	n.s.	True	False
TP53	GNAS	246	14	6	5.88	1.057	0.576	0.7685	0.6377	1	n.s.	True	False
KRAS	AMER1	245	19	6	7.94	0.66	0.8772	1	0.2501	1	n.s.	True	False
KRAS	AXIN2	245	13	6	5.44	1.21	0.4793	0.679	0.7299	1	n.s.	True	False
PIK3CA	GNAS	145	14	6	3.46	2.376	0.1046	0.2274	0.9655	1	n.s.	True	False
PIK3CA	TGFBR2	145	11	6	2.72	3.698	0.03137	0.09635	0.9934	1	n.s.	True	False
PIK3CA	CDC27	145	9	6	2.23	5.838	0.008964	0.03804	0.9989	1	Co-occurring	True	True
FBXW7	KMT2D	51	45	6	3.92	1.796	0.1867	0.3546	0.9158	1	n.s.	True	False
FBXW7	TGFBR2	51	11	6	0.96	13.78	0.0001076	0.001437	1	1	Co-occurring	True	False
SMAD4	MAP2K4	55	19	6	1.78	5.043	0.005409	0.02685	0.9991	1	Co-occurring	True	True
TCF7L2	KMT2C	27	39	6	1.8	4.751	0.006144	0.02946	0.9989	1	Co-occurring	True	False
BRAF	ERBB3	61	26	6	2.71	2.888	0.04325	0.1232	0.9874	1	n.s.	False	True
BRAF	ACVR2A	61	11	6	1.15	11.08	0.0003064	0.003581	1	1	Co-occurring	False	True
BRAF	MAP2K4	61	19	6	1.98	4.446	0.009162	0.03807	0.9983	1	Co-occurring	False	True
ARID1A	AMER1	17	19	6	0.55	23.3	4.943e-06	0.0001266	1	1	Co-occurring	False	False
ARID1A	KMT2D	17	45	6	1.31	7.591	0.0009566	0.00801	0.9999	1	Co-occurring	False	False
AMER1	KMT2C	19	39	6	1.26	7.682	0.0008418	0.007496	0.9999	1	Co-occurring	False	False
AMER1	MSH6	19	19	6	0.62	19.78	1.042e-05	0.0002248	1	1	Co-occurring	False	False
AMER1	CDC27	19	9	6	0.29	77.66	3.922e-08	4.329e-06	1	1	Co-occurring	False	True
ATM	PTEN	39	17	6	1.13	9.052	0.0004245	0.004686	1	1	Co-occurring	True	True
ATM	CDC27	39	9	6	0.6	30.19	4.303e-06	0.0001238	1	1	Co-occurring	True	True
KMT2C	MAP2K4	39	19	6	1.26	7.682	0.0008418	0.007496	0.9999	1	Co-occurring	False	True
KMT2D	RNF43	45	19	6	1.46	6.442	0.001862	0.01306	0.9998	1	Co-occurring	False	False
KMT2D	MSH6	45	19	6	1.46	6.442	0.001862	0.01306	0.9998	1	Co-occurring	False	False
KMT2D	MAP2K4	45	19	6	1.46	6.442	0.001862	0.01306	0.9998	1	Co-occurring	False	True
PTEN	POLE	17	30	6	0.87	12.59	8.998e-05	0.001285	1	1	Co-occurring	True	True
APC	SMAD2	41	15	5	1.05	7.685	0.002341	0.01443	0.9997	1	Co-occurring	True	True
APC	GNAS	41	14	5	0.98	8.51	0.001645	0.01231	0.9998	1	Co-occurring	True	False
TP53	ACVR2A	246	11	5	4.62	1.172	0.5222	0.7145	0.7097	1	n.s.	True	True
TP53	MSH6	246	19	5	7.98	0.513	0.9533	1	0.1197	1	n.s.	True	False
TP53	AXIN2	246	13	5	5.46	0.891	0.7021	0.8961	0.5156	1	n.s.	True	False
KRAS	ARID1A	245	17	5	7.11	0.603	0.9057	1	0.2131	1	n.s.	True	False
KRAS	MSH6	245	19	5	7.94	0.517	0.9518	1	0.1228	1	n.s.	True	False
PIK3CA	ERBB2	145	19	5	4.7	1.154	0.5258	0.7177	0.6792	1	n.s.	True	True
PIK3CA	CASP8	145	9	5	2.23	3.806	0.04565	0.1266	0.991	1	n.s.	True	False
PIK3CA	AXIN2	145	13	5	3.22	1.996	0.1974	0.3631	0.9255	1	n.s.	True	False
FBXW7	AMER1	51	19	5	1.65	4.254	0.01864	0.06578	0.9964	1	n.s.	True	False
SMAD4	BRAF	55	61	5	5.73	0.917	0.7026	0.8961	0.4786	1	n.s.	True	False
SMAD2	POLE	15	30	5	0.77	11.23	0.0005244	0.005253	1	1	Co-occurring	True	True
CTNNB1	BRAF	31	61	5	3.23	1.835	0.2117	0.3765	0.9087	1	n.s.	True	False
CTNNB1	AMER1	31	19	5	1.01	7.751	0.002048	0.01353	0.9998	1	Co-occurring	True	False
CTNNB1	MSH6	31	19	5	1.01	7.751	0.002048	0.01353	0.9998	1	Co-occurring	True	False
BRAF	ARID1A	61	17	5	1.77	3.999	0.02398	0.07914	0.9951	1	n.s.	False	False
BRAF	CASP8	61	9	5	0.94	11.28	0.0009478	0.00801	0.9999	1	Co-occurring	False	False
SOX9	ATM	20	39	5	1.33	5.477	0.007453	0.03409	0.9989	1	Co-occurring	False	True
ARID1A	ATM	17	39	5	1.13	6.83	0.003455	0.01938	0.9996	1	Co-occurring	False	True
ARID1A	ERBB3	17	26	5	0.75	11.22	0.0004976	0.00517	1	1	Co-occurring	False	True
ARID1A	POLE	17	30	5	0.87	9.395	0.001004	0.008164	0.9999	1	Co-occurring	False	True
KMT2D	PTEN	45	17	5	1.31	5.753	0.006583	0.0313	0.999	1	Co-occurring	False	True
KMT2D	ACVR2A	45	11	5	0.84	11.19	0.0006997	0.006542	0.9999	1	Co-occurring	False	True
KMT2D	GNAS	45	14	5	1.08	7.612	0.002541	0.01549	0.9997	1	Co-occurring	False	False
ERBB3	RNF43	26	19	5	0.84	9.642	0.0008792	0.007588	0.9999	1	Co-occurring	True	False
ERBB3	POLE	26	30	5	1.33	5.372	0.007672	0.03443	0.9988	1	Co-occurring	True	True
ACVR2A	POLE	11	30	5	0.56	18.27	9.340e-05	0.001285	1	1	Co-occurring	True	True
RNF43	POLE	19	30	5	0.97	8.07	0.001754	0.01278	0.9998	1	Co-occurring	False	True
RNF43	MAP2K4	19	19	5	0.62	14.48	0.0001795	0.002342	1	1	Co-occurring	False	True
POLE	MAP2K4	30	19	5	0.97	8.07	0.001754	0.01278	0.9998	1	Co-occurring	True	True
APC	NRAS	41	36	4	2.52	1.896	0.2385	0.4143	0.9026	1	n.s.	True	True
APC	SOX9	41	20	4	1.4	3.851	0.04405	0.1236	0.9907	1	n.s.	True	False
APC	ACVR2A	41	11	4	0.77	8.616	0.004773	0.02412	0.9996	1	Co-occurring	True	True
APC	CASP8	41	9	4	0.63	11.79	0.002022	0.01353	0.9999	1	Co-occurring	True	False
APC	AXIN2	41	13	4	0.91	6.777	0.009324	0.03832	0.9989	1	Co-occurring	True	False
APC	MAP2K4	41	19	4	1.33	4.107	0.0371	0.1101	0.9927	1	n.s.	True	True
TP53	SMAD2	246	15	4	6.3	0.532	0.9345	1	0.1711	1	n.s.	True	True
TP53	PTEN	246	17	4	7.14	0.45	0.9691	1	0.09188	1	n.s.	True	True
TP53	RNF43	246	19	4	7.98	0.39	0.9861	1	0.04671	1	n.s.	True	False
KRAS	NRAS	245	36	4	15.05	0.177	1	1	4.111e-05	0.01153	Mutually exclusive	True	True
KRAS	BMPR1A	245	7	4	2.93	1.802	0.3247	0.5087	0.8866	1	n.s.	True	False
PIK3CA	ACVR2A	145	11	4	2.72	1.842	0.2784	0.4571	0.8915	1	n.s.	True	True
FBXW7	SMAD4	51	55	4	4.79	0.891	0.7293	0.9174	0.4655	1	n.s.	True	True
FBXW7	NRAS	51	36	4	3.13	1.468	0.3841	0.5731	0.8051	1	n.s.	True	True
FBXW7	SOX9	51	20	4	1.74	2.983	0.08677	0.2012	0.9768	1	n.s.	True	False
FBXW7	ERBB3	51	26	4	2.26	2.162	0.1822	0.3512	0.9341	1	n.s.	True	True
FBXW7	CASP8	51	9	4	0.78	9.138	0.004641	0.02389	0.9996	1	Co-occurring	True	False
FBXW7	PCBP1	51	25	4	2.18	2.267	0.1643	0.3234	0.9431	1	n.s.	True	True
FBXW7	CDC27	51	9	4	0.78	9.138	0.004641	0.02389	0.9996	1	Co-occurring	True	True
SMAD4	NRAS	55	36	4	3.38	1.343	0.4431	0.6358	0.7585	1	n.s.	True	True
SMAD4	KMT2C	55	39	4	3.66	1.222	0.5087	0.6995	0.7014	1	n.s.	True	False
SMAD4	PCBP1	55	25	4	2.35	2.075	0.1996	0.366	0.9251	1	n.s.	True	True
TCF7L2	CTNNB1	27	31	4	1.43	3.708	0.04774	0.13	0.9895	1	n.s.	True	True
TCF7L2	AMER1	27	19	4	0.88	6.727	0.008639	0.037	0.9989	1	Co-occurring	True	False
TCF7L2	ERBB3	27	26	4	1.2	4.574	0.02662	0.08534	0.9952	1	n.s.	True	True
TCF7L2	MSH6	27	19	4	0.88	6.727	0.008639	0.037	0.9989	1	Co-occurring	True	False
NRAS	ATM	36	39	4	2.4	2.011	0.2112	0.3765	0.9181	1	n.s.	True	True
SMAD2	AMER1	15	19	4	0.49	14.05	0.0008646	0.007578	0.9999	1	Co-occurring	True	False
SMAD2	KMT2C	15	39	4	1	5.914	0.01345	0.05169	0.9981	1	n.s.	True	False
CTNNB1	PTEN	31	17	4	0.9	6.576	0.009426	0.03832	0.9988	1	Co-occurring	True	True
CTNNB1	B2M	31	5	4	0.26	60.49	3.115e-05	0.0006026	1	1	Co-occurring	True	False
BRAF	AXIN2	61	13	4	1.35	4.255	0.03708	0.1101	0.9931	1	n.s.	False	False
ARID1A	CDC27	17	9	4	0.26	34.21	5.634e-05	0.0009877	1	1	Co-occurring	False	True
AMER1	KMT2D	19	45	4	1.46	3.683	0.05015	0.1346	0.989	1	n.s.	False	False
AMER1	ERBB2	19	19	4	0.62	10.35	0.002257	0.01407	0.9998	1	Co-occurring	False	True
AMER1	PTEN	19	17	4	0.55	11.93	0.001446	0.01096	0.9999	1	Co-occurring	False	True
AMER1	MAP2K4	19	19	4	0.62	10.35	0.002257	0.01407	0.9998	1	Co-occurring	False	True
ATM	ERBB3	39	26	4	1.73	2.961	0.0864	0.2011	0.9765	1	n.s.	True	True
ATM	ACVR2A	39	11	4	0.73	9.135	0.003955	0.02113	0.9997	1	Co-occurring	True	True
ATM	RNF43	39	19	4	1.26	4.355	0.03143	0.09635	0.9941	1	n.s.	True	False
ATM	AXIN2	39	13	4	0.87	7.185	0.00777	0.03459	0.9991	1	Co-occurring	True	False
KMT2C	ERBB2	39	19	4	1.26	4.355	0.03143	0.09635	0.9941	1	n.s.	False	True
KMT2C	PTEN	39	17	4	1.13	5.019	0.02127	0.07104	0.9965	1	n.s.	False	True
KMT2D	TGFBR2	45	11	4	0.84	7.728	0.006746	0.03154	0.9993	1	Co-occurring	False	False
KMT2D	CASP8	45	9	4	0.69	10.58	0.00289	0.01681	0.9998	1	Co-occurring	False	False
KMT2D	PCBP1	45	25	4	1.92	2.625	0.1166	0.2498	0.9646	1	n.s.	False	True
ERBB3	MAP2K4	26	19	4	0.84	7.039	0.007516	0.03409	0.9991	1	Co-occurring	True	True
PTEN	MSH6	17	19	4	0.55	11.93	0.001446	0.01096	0.9999	1	Co-occurring	True	False
PTEN	PCBP1	17	25	4	0.73	8.504	0.004229	0.02217	0.9996	1	Co-occurring	True	True
PTEN	CDC27	17	9	4	0.26	34.21	5.634e-05	0.0009877	1	1	Co-occurring	True	True
ACVR2A	MSH6	11	19	4	0.36	21.7	0.0002273	0.002833	1	1	Co-occurring	True	False
GNAS	POLE	14	30	4	0.72	8.838	0.003921	0.02113	0.9996	1	Co-occurring	False	True
RNF43	CDC27	19	9	4	0.29	29.69	9.048e-05	0.001285	1	1	Co-occurring	False	True
POLE	CASP8	30	9	4	0.46	17.03	0.0005919	0.005725	1	1	Co-occurring	True	False
POLE	PCBP1	30	25	4	1.28	4.229	0.03326	0.1009	0.9936	1	n.s.	True	True
POLE	AXIN2	30	13	4	0.67	9.786	0.002904	0.01681	0.9998	1	Co-occurring	True	False
MSH6	CASP8	19	9	4	0.29	29.69	9.048e-05	0.001285	1	1	Co-occurring	False	False
APC	RNF43	41	19	3	1.33	2.917	0.1409	0.2884	0.9629	1	n.s.	True	False
TP53	SOX9	246	20	3	8.4	0.266	0.9981	1	0.009234	0.74	n.s.	True	False
KRAS	BRAF	245	61	3	25.5	0.07	1	1	9.399e-12	5.273e-09	Mutually exclusive	True	False
KRAS	CASP8	245	9	3	3.76	0.745	0.8027	0.9903	0.4369	1	n.s.	True	False
KRAS	CDC27	245	9	3	3.76	0.745	0.8027	0.9903	0.4369	1	n.s.	True	True
FBXW7	TCF7L2	51	27	3	2.35	1.507	0.423	0.613	0.7993	1	n.s.	True	True
FBXW7	ARID1A	51	17	3	1.48	2.595	0.1775	0.3433	0.9482	1	n.s.	True	False
FBXW7	PTEN	51	17	3	1.48	2.595	0.1775	0.3433	0.9482	1	n.s.	True	True
FBXW7	ACVR2A	51	11	3	0.96	4.478	0.06221	0.1573	0.9894	1	n.s.	True	True
FBXW7	GNAS	51	14	3	1.22	3.291	0.114	0.2465	0.9735	1	n.s.	True	False
FBXW7	B2M	51	5	3	0.44	15.4	0.005495	0.02704	0.9998	1	Co-occurring	True	False
FBXW7	MSH6	51	19	3	1.65	2.272	0.2242	0.3942	0.9259	1	n.s.	True	False
SMAD4	TCF7L2	55	27	3	2.53	1.381	0.4744	0.6742	0.7585	1	n.s.	True	True
SMAD4	SOX9	55	20	3	1.88	1.96	0.2871	0.4655	0.8918	1	n.s.	True	False
SMAD4	ARID1A	55	17	3	1.6	2.379	0.208	0.374	0.9344	1	n.s.	True	False
SMAD4	AMER1	55	19	3	1.78	2.083	0.2603	0.4425	0.9071	1	n.s.	True	False
SMAD4	ERBB2	55	19	3	1.78	2.083	0.2603	0.4425	0.9071	1	n.s.	True	True
SMAD4	ACVR2A	55	11	3	1.03	4.106	0.07511	0.1801	0.986	1	n.s.	True	True
SMAD4	RNF43	55	19	3	1.78	2.083	0.2603	0.4425	0.9071	1	n.s.	True	False
SMAD4	MSH6	55	19	3	1.78	2.083	0.2603	0.4425	0.9071	1	n.s.	True	False
SMAD4	CASP8	55	9	3	0.84	5.39	0.04376	0.1234	0.9938	1	n.s.	True	False
SMAD4	CDC27	55	9	3	0.84	5.39	0.04376	0.1234	0.9938	1	n.s.	True	True
TCF7L2	SMAD2	27	15	3	0.69	6.257	0.02743	0.08742	0.9965	1	n.s.	True	True
TCF7L2	BRAF	27	61	3	2.81	1.225	0.5479	0.7389	0.6939	1	n.s.	True	False
TCF7L2	ARID1A	27	17	3	0.78	5.374	0.03852	0.1126	0.9943	1	n.s.	True	False
TCF7L2	ERBB2	27	19	3	0.88	4.706	0.0516	0.1366	0.9914	1	n.s.	True	True
TCF7L2	PTEN	27	17	3	0.78	5.374	0.03852	0.1126	0.9943	1	n.s.	True	True
TCF7L2	CDC27	27	9	3	0.41	12.16	0.006103	0.02946	0.9996	1	Co-occurring	True	True
NRAS	SMAD2	36	15	3	0.92	4.501	0.05815	0.151	0.9899	1	n.s.	True	True
NRAS	CTNNB1	36	31	3	1.9	1.915	0.2953	0.4747	0.8855	1	n.s.	True	True
NRAS	KMT2D	36	45	3	2.76	1.25	0.5349	0.7231	0.7045	1	n.s.	True	False
NRAS	ERBB2	36	19	3	1.17	3.384	0.1046	0.2274	0.976	1	n.s.	True	True
NRAS	ERBB3	36	26	3	1.6	2.345	0.2096	0.3757	0.9322	1	n.s.	True	True
NRAS	POLE	36	30	3	1.84	1.989	0.2778	0.4571	0.8958	1	n.s.	True	True
NRAS	PCBP1	36	25	3	1.54	2.454	0.1933	0.3614	0.94	1	n.s.	True	True
SMAD2	ATM	15	39	3	1	4.108	0.07101	0.174	0.9865	1	n.s.	True	True
SMAD2	ERBB2	15	19	3	0.49	9.427	0.0103	0.04126	0.9991	1	Co-occurring	True	True
SMAD2	PTEN	15	17	3	0.44	10.77	0.007455	0.03409	0.9995	1	Co-occurring	True	True
SMAD2	MSH6	15	19	3	0.49	9.427	0.0103	0.04126	0.9991	1	Co-occurring	True	False
CTNNB1	ACVR2A	31	11	3	0.58	7.91	0.0166	0.06045	0.9984	1	n.s.	True	True
CTNNB1	GNAS	31	14	3	0.74	5.815	0.03284	0.1001	0.9956	1	n.s.	True	False
CTNNB1	CASP8	31	9	3	0.48	10.38	0.009086	0.03804	0.9993	1	Co-occurring	True	False
CTNNB1	CDC27	31	9	3	0.48	10.38	0.009086	0.03804	0.9993	1	Co-occurring	True	True
BRAF	ERBB2	61	19	3	1.98	1.847	0.3161	0.5023	0.8749	1	n.s.	False	True
BRAF	PTEN	61	17	3	1.77	2.111	0.2561	0.4407	0.9101	1	n.s.	False	True
BRAF	GNAS	61	14	3	1.46	2.677	0.1706	0.3347	0.9521	1	n.s.	False	False
BRAF	TGFBR2	61	11	3	1.15	3.643	0.09664	0.2198	0.9799	1	n.s.	False	False
BRAF	CDC27	61	9	3	0.94	4.782	0.05719	0.1492	0.991	1	n.s.	False	True
SOX9	ARID1A	20	17	3	0.58	7.621	0.01705	0.06155	0.9982	1	n.s.	False	False
SOX9	AMER1	20	19	3	0.65	6.673	0.02325	0.07719	0.9972	1	n.s.	False	False
SOX9	TGFBR2	20	11	3	0.38	13.14	0.004724	0.02409	0.9997	1	Co-occurring	False	False
ARID1A	KMT2C	17	39	3	1.13	3.528	0.09679	0.2198	0.9787	1	n.s.	False	False
ARID1A	PTEN	17	17	3	0.49	9.247	0.01074	0.04244	0.9991	1	Co-occurring	False	True
ARID1A	TGFBR2	17	11	3	0.32	15.95	0.002907	0.01681	0.9999	1	Co-occurring	False	False
ARID1A	RNF43	17	19	3	0.55	8.097	0.01476	0.05595	0.9986	1	n.s.	False	False
AMER1	RNF43	19	19	3	0.62	7.09	0.02018	0.0682	0.9977	1	n.s.	False	False
ATM	ERBB2	39	19	3	1.26	3.089	0.1258	0.2615	0.9686	1	n.s.	True	True
ATM	BMPR1A	39	7	3	0.47	11.58	0.007935	0.03478	0.9995	1	Co-occurring	True	False
ATM	CASP8	39	9	3	0.6	7.988	0.01733	0.06155	0.9983	1	n.s.	True	False
KMT2C	GNAS	39	14	3	0.93	4.473	0.0595	0.1531	0.9896	1	n.s.	False	False
KMT2C	CASP8	39	9	3	0.6	7.988	0.01733	0.06155	0.9983	1	n.s.	False	False
KMT2C	CDC27	39	9	3	0.6	7.988	0.01733	0.06155	0.9983	1	n.s.	False	True
KMT2D	BMPR1A	45	7	3	0.54	9.837	0.01193	0.04647	0.9991	1	Co-occurring	False	False
KMT2D	B2M	45	5	3	0.38	17.77	0.003806	0.02093	0.9999	1	Co-occurring	False	False
KMT2D	AXIN2	45	13	3	1	4.169	0.07027	0.1729	0.987	1	n.s.	False	False
KMT2D	CDC27	45	9	3	0.69	6.785	0.02565	0.08271	0.9971	1	n.s.	False	True
ERBB2	POLE	19	30	3	0.97	4.169	0.06732	0.1678	0.9873	1	n.s.	True	True
ERBB2	MAP2K4	19	19	3	0.62	7.09	0.02018	0.0682	0.9977	1	n.s.	True	True
ERBB3	GNAS	26	14	3	0.62	7.117	0.02041	0.06856	0.9977	1	n.s.	True	False
ERBB3	MSH6	26	19	3	0.84	4.915	0.04683	0.1282	0.9925	1	n.s.	True	False
PTEN	MAP2K4	17	19	3	0.55	8.097	0.01476	0.05595	0.9986	1	n.s.	True	True
BMPR1A	POLE	7	30	3	0.36	15.63	0.003698	0.02054	0.9998	1	Co-occurring	False	True
RNF43	PCBP1	19	25	3	0.81	5.143	0.04229	0.1217	0.9935	1	n.s.	False	True
RNF43	AXIN2	19	13	3	0.42	11.26	0.006747	0.03154	0.9995	1	Co-occurring	False	False
B2M	POLE	5	30	3	0.26	28.23	0.001134	0.008834	1	1	Co-occurring	False	True
MSH6	MAP2K4	19	19	3	0.62	7.09	0.02018	0.0682	0.9977	1	n.s.	False	True
MSH6	CDC27	19	9	3	0.29	18.32	0.002153	0.01373	0.9999	1	Co-occurring	False	True
PCBP1	MAP2K4	25	19	3	0.81	5.143	0.04229	0.1217	0.9935	1	n.s.	True	True
AXIN2	CDC27	13	9	3	0.2	29.1	0.0006661	0.006334	1	1	Co-occurring	False	True
MAP2K4	CDC27	19	9	3	0.29	18.32	0.002153	0.01373	0.9999	1	Co-occurring	True	True
APC	B2M	41	5	2	0.35	9.81	0.04176	0.1214	0.9971	1	n.s.	True	False
APC	PCBP1	41	25	2	1.75	1.407	0.5348	0.7231	0.7488	1	n.s.	True	True
TP53	CASP8	246	9	2	3.78	0.455	0.9454	1	0.1944	1	n.s.	True	False
KRAS	ACVR2A	245	11	2	4.6	0.359	0.9779	1	0.09449	1	n.s.	True	True
KRAS	B2M	245	5	2	2.09	0.993	0.6945	0.8936	0.6514	1	n.s.	True	False
KRAS	ELF3	245	3	2	1.25	2.331	0.378	0.5716	0.9274	1	n.s.	True	False
PIK3CA	BMPR1A	145	7	2	1.73	1.383	0.5497	0.7395	0.7626	1	n.s.	True	False
PIK3CA	B2M	145	5	2	1.24	2.183	0.3618	0.5545	0.9001	1	n.s.	True	False
PIK3CA	ELF3	145	3	2	0.74	5.116	0.1529	0.3074	0.9851	1	n.s.	True	False
FBXW7	SMAD2	51	15	2	1.31	1.955	0.381	0.5731	0.8659	1	n.s.	True	True
FBXW7	ERBB2	51	19	2	1.65	1.496	0.5047	0.6987	0.7758	1	n.s.	True	True
FBXW7	RNF43	51	19	2	1.65	1.496	0.5047	0.6987	0.7758	1	n.s.	True	False
FBXW7	AXIN2	51	13	2	1.13	2.303	0.3146	0.5015	0.9047	1	n.s.	True	False
FBXW7	MAP2K4	51	19	2	1.65	1.496	0.5047	0.6987	0.7758	1	n.s.	True	True
SMAD4	ERBB3	55	26	2	2.44	0.968	0.7219	0.9101	0.5515	1	n.s.	True	True
SMAD4	PTEN	55	17	2	1.6	1.557	0.4857	0.6834	0.792	1	n.s.	True	True
SMAD4	B2M	55	5	2	0.47	7.056	0.07194	0.1747	0.9932	1	n.s.	True	False
SMAD4	AXIN2	55	13	2	1.22	2.115	0.3489	0.5393	0.8861	1	n.s.	True	False
TCF7L2	CASP8	27	9	2	0.41	7.222	0.06029	0.1544	0.9939	1	n.s.	True	False
TCF7L2	AXIN2	27	13	2	0.6	4.676	0.1166	0.2498	0.9817	1	n.s.	True	False
NRAS	BRAF	36	61	2	3.75	0.599	0.908	1	0.2528	1	n.s.	True	False
NRAS	AMER1	36	19	2	1.17	2.209	0.328	0.5097	0.8954	1	n.s.	True	False
NRAS	KMT2C	36	39	2	2.4	0.992	0.7105	0.8994	0.5644	1	n.s.	True	False
NRAS	CDC27	36	9	2	0.55	5.251	0.1006	0.2239	0.9861	1	n.s.	True	True
SMAD2	CTNNB1	15	31	2	0.79	3.406	0.1855	0.3546	0.9604	1	n.s.	True	True
SMAD2	BRAF	15	61	2	1.56	1.595	0.4747	0.6742	0.8018	1	n.s.	True	False
SMAD2	KMT2D	15	45	2	1.15	2.25	0.3224	0.5066	0.8996	1	n.s.	True	False
SMAD2	RNF43	15	19	2	0.49	5.868	0.08135	0.1919	0.9897	1	n.s.	True	False
SMAD2	MAP2K4	15	19	2	0.49	5.868	0.08135	0.1919	0.9897	1	n.s.	True	True
SMAD2	CDC27	15	9	2	0.23	13.94	0.01987	0.0682	0.999	1	n.s.	True	True
CTNNB1	ARID1A	31	17	2	0.9	2.955	0.2253	0.3949	0.945	1	n.s.	True	False
CTNNB1	ERBB2	31	19	2	1.01	2.608	0.2658	0.4477	0.927	1	n.s.	True	True
CTNNB1	ELF3	31	3	2	0.16	31.33	0.007869	0.03476	0.9999	1	Co-occurring	True	False
CTNNB1	PCBP1	31	25	2	1.32	1.92	0.3863	0.5749	0.8601	1	n.s.	True	True
CTNNB1	MAP2K4	31	19	2	1.01	2.608	0.2658	0.4477	0.927	1	n.s.	True	True
BRAF	SOX9	61	20	2	2.08	1.153	0.6358	0.8275	0.6537	1	n.s.	False	False
BRAF	BMPR1A	61	7	2	0.73	3.976	0.1591	0.3166	0.9723	1	n.s.	False	False
BRAF	PCBP1	61	25	2	2.6	0.898	0.7564	0.945	0.5066	1	n.s.	False	True
SOX9	POLE	20	30	2	1.02	2.553	0.273	0.4544	0.9235	1	n.s.	False	True
SOX9	PCBP1	20	25	2	0.85	3.125	0.208	0.374	0.9516	1	n.s.	False	True
ARID1A	GNAS	17	14	2	0.41	7.194	0.05875	0.1519	0.9939	1	n.s.	False	False
ARID1A	MSH6	17	19	2	0.55	5.092	0.1014	0.2239	0.9852	1	n.s.	False	False
ARID1A	AXIN2	17	13	2	0.38	7.833	0.05123	0.1362	0.9951	1	n.s.	False	False
ARID1A	MAP2K4	17	19	2	0.55	5.092	0.1014	0.2239	0.9852	1	n.s.	False	True
AMER1	ERBB3	19	26	2	0.84	3.169	0.2041	0.3717	0.9532	1	n.s.	False	True
AMER1	ACVR2A	19	11	2	0.36	8.398	0.04604	0.1266	0.9959	1	n.s.	False	True
AMER1	B2M	19	5	2	0.16	23.04	0.009407	0.03832	0.9997	1	Co-occurring	False	False
AMER1	CASP8	19	9	2	0.29	10.68	0.03133	0.09635	0.9978	1	n.s.	False	False
AMER1	AXIN2	19	13	2	0.42	6.913	0.06281	0.1573	0.9933	1	n.s.	False	False
ATM	TGFBR2	39	11	2	0.73	3.779	0.1624	0.3208	0.969	1	n.s.	True	False
ATM	B2M	39	5	2	0.33	10.37	0.038	0.1122	0.9975	1	n.s.	True	False
ATM	PCBP1	39	25	2	1.66	1.488	0.5069	0.6987	0.7724	1	n.s.	True	True
KMT2C	ERBB3	39	26	2	1.73	1.424	0.5286	0.7198	0.754	1	n.s.	False	True
KMT2C	ACVR2A	39	11	2	0.73	3.779	0.1624	0.3208	0.969	1	n.s.	False	True
KMT2C	ELF3	39	3	2	0.2	24.29	0.01242	0.04806	0.9997	1	Co-occurring	False	False
KMT2C	PCBP1	39	25	2	1.66	1.488	0.5069	0.6987	0.7724	1	n.s.	False	True
KMT2C	AXIN2	39	13	2	0.87	3.11	0.2121	0.3765	0.951	1	n.s.	False	False
KMT2D	ELF3	45	3	2	0.23	20.71	0.01648	0.06042	0.9996	1	n.s.	False	False
ERBB2	ERBB3	19	26	2	0.84	3.169	0.2041	0.3717	0.9532	1	n.s.	True	True
ERBB2	PTEN	19	17	2	0.55	5.092	0.1014	0.2239	0.9852	1	n.s.	True	True
ERBB2	RNF43	19	19	2	0.62	4.494	0.1227	0.2578	0.9798	1	n.s.	True	False
ERBB2	MSH6	19	19	2	0.62	4.494	0.1227	0.2578	0.9798	1	n.s.	True	False
ERBB2	PCBP1	19	25	2	0.81	3.31	0.192	0.3602	0.9577	1	n.s.	True	True
ERBB2	CDC27	19	9	2	0.29	10.68	0.03133	0.09635	0.9978	1	n.s.	True	True
ERBB3	PTEN	26	17	2	0.75	3.591	0.1712	0.3347	0.9651	1	n.s.	True	True
ERBB3	ACVR2A	26	11	2	0.49	5.924	0.08141	0.1919	0.9899	1	n.s.	True	True
ERBB3	CASP8	26	9	2	0.4	7.531	0.05627	0.1475	0.9945	1	n.s.	True	False
ERBB3	CDC27	26	9	2	0.4	7.531	0.05627	0.1475	0.9945	1	n.s.	True	True
PTEN	RNF43	17	19	2	0.55	5.092	0.1014	0.2239	0.9852	1	n.s.	True	False
PTEN	B2M	17	5	2	0.15	26.11	0.007534	0.03409	0.9998	1	Co-occurring	True	False
PTEN	AXIN2	17	13	2	0.38	7.833	0.05123	0.1362	0.9951	1	n.s.	True	False
ACVR2A	MAP2K4	11	19	2	0.36	8.398	0.04604	0.1266	0.9959	1	n.s.	True	True
GNAS	RNF43	14	19	2	0.45	6.349	0.07188	0.1747	0.9916	1	n.s.	False	False
BMPR1A	MAP2K4	7	19	2	0.23	14.61	0.019	0.0662	0.9991	1	n.s.	False	True
RNF43	MSH6	19	19	2	0.62	4.494	0.1227	0.2578	0.9798	1	n.s.	False	False
RNF43	CASP8	19	9	2	0.29	10.68	0.03133	0.09635	0.9978	1	n.s.	False	False
B2M	CASP8	5	9	2	0.08	54.71	0.00205	0.01353	1	1	Co-occurring	False	False
B2M	CDC27	5	9	2	0.08	54.71	0.00205	0.01353	1	1	Co-occurring	False	True
MSH6	PCBP1	19	25	2	0.81	3.31	0.192	0.3602	0.9577	1	n.s.	False	True
MSH6	AXIN2	19	13	2	0.42	6.913	0.06281	0.1573	0.9933	1	n.s.	False	False
PCBP1	AXIN2	25	13	2	0.55	5.093	0.1022	0.224	0.9852	1	n.s.	True	False
AXIN2	MAP2K4	13	19	2	0.42	6.913	0.06281	0.1573	0.9933	1	n.s.	False	True
APC	ELF3	41	3	1	0.21	8.052	0.1959	0.3631	0.9863	1	n.s.	True	False
TP53	BMPR1A	246	7	1	2.94	0.314	0.9784	1	0.1327	1	n.s.	True	False
TP53	TGFBR2	246	11	1	4.62	0.192	0.9977	1	0.02154	1	n.s.	True	False
TP53	ELF3	246	3	1	1.26	0.827	0.8054	0.9909	0.6195	1	n.s.	True	False
TP53	CDC27	246	9	1	3.78	0.239	0.9929	1	0.05462	1	n.s.	True	True
SMAD4	SMAD2	55	15	1	1.41	0.982	0.7763	0.9656	0.5808	1	n.s.	True	True
SMAD4	GNAS	55	14	1	1.31	1.057	0.7525	0.9438	0.6155	1	n.s.	True	False
TCF7L2	NRAS	27	36	1	1.66	0.836	0.8266	1	0.495	1	n.s.	True	True
TCF7L2	SOX9	27	20	1	0.92	1.569	0.6169	0.8067	0.7662	1	n.s.	True	False
TCF7L2	ACVR2A	27	11	1	0.51	2.962	0.4075	0.5954	0.913	1	n.s.	True	True
TCF7L2	GNAS	27	14	1	0.65	2.291	0.4873	0.6834	0.8677	1	n.s.	True	False
TCF7L2	BMPR1A	27	7	1	0.32	4.82	0.2825	0.4593	0.9628	1	n.s.	True	False
TCF7L2	TGFBR2	27	11	1	0.51	2.962	0.4075	0.5954	0.913	1	n.s.	True	False
TCF7L2	RNF43	27	19	1	0.88	1.657	0.5977	0.7853	0.7837	1	n.s.	True	False
TCF7L2	ELF3	27	3	1	0.14	12.62	0.1322	0.2726	0.994	1	n.s.	True	False
TCF7L2	PCBP1	27	25	1	1.15	1.237	0.7002	0.8961	0.678	1	n.s.	True	True
TCF7L2	MAP2K4	27	19	1	0.88	1.657	0.5977	0.7853	0.7837	1	n.s.	True	True
NRAS	PTEN	36	17	1	1.04	1.369	0.6649	0.8595	0.7192	1	n.s.	True	True
NRAS	RNF43	36	19	1	1.17	1.216	0.706	0.8961	0.672	1	n.s.	True	False
NRAS	B2M	36	5	1	0.31	5.131	0.2725	0.4544	0.9673	1	n.s.	True	False
NRAS	MSH6	36	19	1	1.17	1.216	0.706	0.8961	0.672	1	n.s.	True	False
NRAS	MAP2K4	36	19	1	1.17	1.216	0.706	0.8961	0.672	1	n.s.	True	True
SMAD2	ERBB3	15	26	1	0.67	2.217	0.498	0.695	0.8605	1	n.s.	True	True
SMAD2	TGFBR2	15	11	1	0.28	5.532	0.25	0.4329	0.9705	1	n.s.	True	False
SMAD2	PCBP1	15	25	1	0.64	2.312	0.4842	0.6834	0.8694	1	n.s.	True	True
SMAD2	AXIN2	15	13	1	0.33	4.63	0.2887	0.4667	0.9594	1	n.s.	True	False
CTNNB1	ERBB3	31	26	1	1.38	1.023	0.7643	0.9528	0.5942	1	n.s.	True	True
CTNNB1	BMPR1A	31	7	1	0.37	4.158	0.3178	0.5033	0.9518	1	n.s.	True	False
CTNNB1	RNF43	31	19	1	1.01	1.429	0.6498	0.8439	0.7342	1	n.s.	True	False
CTNNB1	AXIN2	31	13	1	0.69	2.138	0.5104	0.7001	0.853	1	n.s.	True	False
BRAF	B2M	61	5	1	0.52	2.873	0.424	0.613	0.9132	1	n.s.	False	False
BRAF	ELF3	61	3	1	0.31	5.192	0.2813	0.4588	0.9701	1	n.s.	False	False
SOX9	KMT2C	20	39	1	1.33	1.056	0.7537	0.9438	0.6102	1	n.s.	False	False
SOX9	KMT2D	20	45	1	1.54	0.903	0.8032	0.9903	0.5361	1	n.s.	False	False
SOX9	ERBB3	20	26	1	0.89	1.633	0.6027	0.79	0.7792	1	n.s.	False	True
SOX9	ACVR2A	20	11	1	0.38	4.077	0.3198	0.5039	0.9494	1	n.s.	False	True
SOX9	GNAS	20	14	1	0.48	3.154	0.3884	0.5765	0.9212	1	n.s.	False	False
SOX9	RNF43	20	19	1	0.65	2.281	0.4885	0.6834	0.8663	1	n.s.	False	False
SOX9	AXIN2	20	13	1	0.44	3.412	0.3663	0.56	0.9311	1	n.s.	False	False
SOX9	MAP2K4	20	19	1	0.65	2.281	0.4885	0.6834	0.8663	1	n.s.	False	True
SOX9	CDC27	20	9	1	0.31	5.054	0.27	0.4535	0.9655	1	n.s.	False	True
ARID1A	ERBB2	17	19	1	0.55	2.71	0.4335	0.6252	0.8986	1	n.s.	False	True
ARID1A	ACVR2A	17	11	1	0.32	4.844	0.2787	0.4571	0.9626	1	n.s.	False	True
ARID1A	B2M	17	5	1	0.15	11.42	0.1373	0.2822	0.9925	1	n.s.	False	False
ARID1A	CASP8	17	9	1	0.26	6.005	0.2342	0.4093	0.9747	1	n.s.	False	False
ARID1A	ELF3	17	3	1	0.09	20.64	0.08467	0.1979	0.9977	1	n.s.	False	False
AMER1	GNAS	19	14	1	0.45	3.33	0.373	0.5655	0.9281	1	n.s.	False	False
AMER1	BMPR1A	19	7	1	0.23	7.004	0.207	0.374	0.981	1	n.s.	False	False
AMER1	TGFBR2	19	11	1	0.36	4.305	0.3063	0.4896	0.954	1	n.s.	False	False
AMER1	ELF3	19	3	1	0.1	18.34	0.09431	0.2159	0.9971	1	n.s.	False	False
AMER1	PCBP1	19	25	1	0.81	1.799	0.569	0.7637	0.808	1	n.s.	False	True
ATM	GNAS	39	14	1	0.93	1.543	0.623	0.8128	0.7625	1	n.s.	True	False
ATM	ELF3	39	3	1	0.2	8.501	0.187	0.3546	0.9876	1	n.s.	True	False
KMT2C	BMPR1A	39	7	1	0.47	3.246	0.3841	0.5731	0.9267	1	n.s.	False	False
KMT2C	TGFBR2	39	11	1	0.73	1.994	0.5344	0.7231	0.8376	1	n.s.	False	False
KMT2C	B2M	39	5	1	0.33	4.706	0.2922	0.471	0.962	1	n.s.	False	False
KMT2D	ERBB2	45	19	1	1.46	0.954	0.7862	0.9758	0.5632	1	n.s.	False	True
ERBB2	GNAS	19	14	1	0.45	3.33	0.373	0.5655	0.9281	1	n.s.	True	False
ERBB2	AXIN2	19	13	1	0.42	3.603	0.3514	0.5417	0.9372	1	n.s.	True	False
ERBB3	TGFBR2	26	11	1	0.49	3.084	0.3957	0.5841	0.9186	1	n.s.	True	False
ERBB3	PCBP1	26	25	1	1.11	1.288	0.6862	0.885	0.6943	1	n.s.	True	True
ERBB3	AXIN2	26	13	1	0.58	2.581	0.4491	0.6428	0.8906	1	n.s.	True	False
PTEN	ACVR2A	17	11	1	0.32	4.844	0.2787	0.4571	0.9626	1	n.s.	True	True
PTEN	GNAS	17	14	1	0.41	3.747	0.3409	0.5283	0.9412	1	n.s.	True	False
PTEN	BMPR1A	17	7	1	0.2	7.881	0.1871	0.3546	0.9847	1	n.s.	True	False
PTEN	TGFBR2	17	11	1	0.32	4.844	0.2787	0.4571	0.9626	1	n.s.	True	False
PTEN	ELF3	17	3	1	0.09	20.64	0.08467	0.1979	0.9977	1	n.s.	True	False
ACVR2A	GNAS	11	14	1	0.26	5.952	0.2353	0.41	0.9742	1	n.s.	True	False
ACVR2A	BMPR1A	11	7	1	0.13	12.52	0.1248	0.2603	0.9936	1	n.s.	True	False
ACVR2A	CASP8	11	9	1	0.17	9.538	0.1578	0.315	0.9893	1	n.s.	True	False
ACVR2A	PCBP1	11	25	1	0.47	3.216	0.3836	0.5731	0.9241	1	n.s.	True	True
ACVR2A	AXIN2	11	13	1	0.24	6.44	0.2204	0.3888	0.9777	1	n.s.	True	False
ACVR2A	CDC27	11	9	1	0.17	9.538	0.1578	0.315	0.9893	1	n.s.	True	True
GNAS	B2M	14	5	1	0.12	14.04	0.1143	0.2465	0.9949	1	n.s.	False	False
GNAS	MSH6	14	19	1	0.45	3.33	0.373	0.5655	0.9281	1	n.s.	False	False
GNAS	CASP8	14	9	1	0.22	7.379	0.1968	0.3631	0.9826	1	n.s.	False	False
GNAS	ELF3	14	3	1	0.07	25.36	0.07009	0.1729	0.9984	1	n.s.	False	False
GNAS	PCBP1	14	25	1	0.6	2.488	0.4607	0.6576	0.8838	1	n.s.	False	True
GNAS	AXIN2	14	13	1	0.31	4.982	0.2721	0.4544	0.9644	1	n.s.	False	False
GNAS	CDC27	14	9	1	0.22	7.379	0.1968	0.3631	0.9826	1	n.s.	False	True
BMPR1A	TGFBR2	7	11	1	0.13	12.52	0.1248	0.2603	0.9936	1	n.s.	False	False
BMPR1A	MSH6	7	19	1	0.23	7.004	0.207	0.374	0.981	1	n.s.	False	False
BMPR1A	PCBP1	7	25	1	0.3	5.232	0.2642	0.4477	0.9678	1	n.s.	False	True
BMPR1A	AXIN2	7	13	1	0.16	10.48	0.146	0.2969	0.991	1	n.s.	False	False
TGFBR2	POLE	11	30	1	0.56	2.646	0.4419	0.6356	0.8954	1	n.s.	False	True
TGFBR2	PCBP1	11	25	1	0.47	3.216	0.3836	0.5731	0.9241	1	n.s.	False	True
TGFBR2	AXIN2	11	13	1	0.24	6.44	0.2204	0.3888	0.9777	1	n.s.	False	False
TGFBR2	MAP2K4	11	19	1	0.36	4.305	0.3063	0.4896	0.954	1	n.s.	False	True
RNF43	B2M	19	5	1	0.16	10.15	0.1524	0.3074	0.9906	1	n.s.	False	False
RNF43	ELF3	19	3	1	0.1	18.34	0.09431	0.2159	0.9971	1	n.s.	False	False
B2M	MSH6	5	19	1	0.16	10.15	0.1524	0.3074	0.9906	1	n.s.	False	False
B2M	PCBP1	5	25	1	0.21	7.585	0.1965	0.3631	0.9838	1	n.s.	False	True
POLE	ELF3	30	3	1	0.15	11.28	0.1461	0.2969	0.9926	1	n.s.	True	False
MSH6	ELF3	19	3	1	0.1	18.34	0.09431	0.2159	0.9971	1	n.s.	False	False
CASP8	PCBP1	9	25	1	0.38	3.987	0.3264	0.5087	0.9476	1	n.s.	False	True
CASP8	AXIN2	9	13	1	0.2	7.984	0.184	0.3535	0.985	1	n.s.	False	False
CASP8	CDC27	9	9	1	0.14	11.82	0.1309	0.2709	0.9929	1	n.s.	False	True
ELF3	CDC27	3	9	1	0.05	40.62	0.04545	0.1266	0.9994	1	n.s.	False	True
PCBP1	CDC27	25	9	1	0.38	3.987	0.3264	0.5087	0.9476	1	n.s.	True	True
APC	BMPR1A	41	7	0	0.49	0.865	1	1	0.6002	1	n.s.	True	False
APC	TGFBR2	41	11	0	0.77	0.56	1	1	0.4471	1	n.s.	True	False
TP53	B2M	246	5	0	2.1	0.124	1	1	0.06494	1	n.s.	True	False
FBXW7	BMPR1A	51	7	0	0.61	0.684	1	1	0.5269	1	n.s.	True	False
FBXW7	ELF3	51	3	0	0.26	1.477	1	1	0.7606	1	n.s.	True	False
SMAD4	BMPR1A	55	7	0	0.66	0.63	1	1	0.4998	1	n.s.	True	False
SMAD4	TGFBR2	55	11	0	1.03	0.408	1	1	0.3349	1	n.s.	True	False
SMAD4	ELF3	55	3	0	0.28	1.36	1	1	0.7436	1	n.s.	True	False
TCF7L2	B2M	27	5	0	0.23	1.833	1	1	0.7892	1	n.s.	True	False
NRAS	SOX9	36	20	0	1.23	0.354	1	1	0.2753	1	n.s.	True	False
NRAS	ARID1A	36	17	0	1.04	0.418	1	1	0.3351	1	n.s.	True	False
NRAS	ACVR2A	36	11	0	0.68	0.643	1	1	0.4948	1	n.s.	True	True
NRAS	GNAS	36	14	0	0.86	0.507	1	1	0.4074	1	n.s.	True	False
NRAS	BMPR1A	36	7	0	0.43	0.993	1	1	0.6401	1	n.s.	True	False
NRAS	TGFBR2	36	11	0	0.68	0.643	1	1	0.4948	1	n.s.	True	False
NRAS	CASP8	36	9	0	0.55	0.781	1	1	0.5629	1	n.s.	True	False
NRAS	ELF3	36	3	0	0.18	2.143	1	1	0.8265	1	n.s.	True	False
NRAS	AXIN2	36	13	0	0.8	0.545	1	1	0.4347	1	n.s.	True	False
SMAD2	SOX9	15	20	0	0.51	0.868	1	1	0.5902	1	n.s.	True	False
SMAD2	ARID1A	15	17	0	0.44	1.022	1	1	0.6395	1	n.s.	True	False
SMAD2	ACVR2A	15	11	0	0.28	1.572	1	1	0.75	1	n.s.	True	True
SMAD2	GNAS	15	14	0	0.36	1.24	1	1	0.6927	1	n.s.	True	False
SMAD2	BMPR1A	15	7	0	0.18	2.428	1	1	0.8332	1	n.s.	True	False
SMAD2	B2M	15	5	0	0.13	3.323	1	1	0.878	1	n.s.	True	False
SMAD2	CASP8	15	9	0	0.23	1.91	1	1	0.7906	1	n.s.	True	False
SMAD2	ELF3	15	3	0	0.08	5.24	1	1	0.925	1	n.s.	True	False
CTNNB1	SOX9	31	20	0	1.06	0.415	1	1	0.331	1	n.s.	True	False
CTNNB1	TGFBR2	31	11	0	0.58	0.752	1	1	0.5471	1	n.s.	True	False
SOX9	ERBB2	20	19	0	0.65	0.685	1	1	0.5115	1	n.s.	False	True
SOX9	PTEN	20	17	0	0.58	0.766	1	1	0.5495	1	n.s.	False	True
SOX9	BMPR1A	20	7	0	0.24	1.82	1	1	0.7832	1	n.s.	False	False
SOX9	B2M	20	5	0	0.17	2.49	1	1	0.8401	1	n.s.	False	False
SOX9	MSH6	20	19	0	0.65	0.685	1	1	0.5115	1	n.s.	False	False
SOX9	CASP8	20	9	0	0.31	1.431	1	1	0.73	1	n.s.	False	False
SOX9	ELF3	20	3	0	0.1	3.927	1	1	0.9009	1	n.s.	False	False
ARID1A	BMPR1A	17	7	0	0.2	2.143	1	1	0.8129	1	n.s.	False	False
ARID1A	PCBP1	17	25	0	0.73	0.61	1	1	0.4716	1	n.s.	False	True
ERBB2	ACVR2A	19	11	0	0.36	1.241	1	1	0.6937	1	n.s.	True	True
ERBB2	BMPR1A	19	7	0	0.23	1.916	1	1	0.793	1	n.s.	True	False
ERBB2	TGFBR2	19	11	0	0.36	1.241	1	1	0.6937	1	n.s.	True	False
ERBB2	B2M	19	5	0	0.16	2.622	1	1	0.8476	1	n.s.	True	False
ERBB2	CASP8	19	9	0	0.29	1.507	1	1	0.7418	1	n.s.	True	False
ERBB2	ELF3	19	3	0	0.1	4.136	1	1	0.9057	1	n.s.	True	False
ERBB3	BMPR1A	26	7	0	0.31	1.392	1	1	0.7266	1	n.s.	True	False
ERBB3	B2M	26	5	0	0.22	1.906	1	1	0.7964	1	n.s.	True	False
ERBB3	ELF3	26	3	0	0.13	3.005	1	1	0.8725	1	n.s.	True	False
PTEN	CASP8	17	9	0	0.26	1.686	1	1	0.7658	1	n.s.	True	False
ACVR2A	TGFBR2	11	11	0	0.21	2.134	1	1	0.8104	1	n.s.	True	False
ACVR2A	RNF43	11	19	0	0.36	1.241	1	1	0.6937	1	n.s.	True	False
ACVR2A	B2M	11	5	0	0.09	4.51	1	1	0.9093	1	n.s.	True	False
ACVR2A	ELF3	11	3	0	0.06	7.112	1	1	0.9446	1	n.s.	True	False
GNAS	BMPR1A	14	7	0	0.17	2.6	1	1	0.8435	1	n.s.	False	False
GNAS	TGFBR2	14	11	0	0.26	1.684	1	1	0.7647	1	n.s.	False	False
GNAS	MAP2K4	14	19	0	0.45	0.979	1	1	0.627	1	n.s.	False	True
BMPR1A	RNF43	7	19	0	0.23	1.916	1	1	0.793	1	n.s.	False	False
BMPR1A	B2M	7	5	0	0.06	6.964	1	1	0.9415	1	n.s.	False	False
BMPR1A	CASP8	7	9	0	0.11	4.004	1	1	0.8968	1	n.s.	False	False
BMPR1A	ELF3	7	3	0	0.04	10.98	1	1	0.9645	1	n.s.	False	False
BMPR1A	CDC27	7	9	0	0.11	4.004	1	1	0.8968	1	n.s.	False	True
TGFBR2	RNF43	11	19	0	0.36	1.241	1	1	0.6937	1	n.s.	False	False
TGFBR2	B2M	11	5	0	0.09	4.51	1	1	0.9093	1	n.s.	False	False
TGFBR2	MSH6	11	19	0	0.36	1.241	1	1	0.6937	1	n.s.	False	False
TGFBR2	CASP8	11	9	0	0.17	2.593	1	1	0.8422	1	n.s.	False	False
TGFBR2	ELF3	11	3	0	0.06	7.112	1	1	0.9446	1	n.s.	False	False
TGFBR2	CDC27	11	9	0	0.17	2.593	1	1	0.8422	1	n.s.	False	True
B2M	ELF3	5	3	0	0.03	15.03	1	1	0.9746	1	n.s.	False	False
B2M	AXIN2	5	13	0	0.11	3.828	1	1	0.8935	1	n.s.	False	False
B2M	MAP2K4	5	19	0	0.16	2.622	1	1	0.8476	1	n.s.	False	True
CASP8	ELF3	9	3	0	0.05	8.639	1	1	0.9546	1	n.s.	False	False
CASP8	MAP2K4	9	19	0	0.29	1.507	1	1	0.7418	1	n.s.	False	True
ELF3	PCBP1	3	25	0	0.13	3.129	1	1	0.8772	1	n.s.	False	True
ELF3	AXIN2	3	13	0	0.07	6.037	1	1	0.9348	1	n.s.	False	False
ELF3	MAP2K4	3	19	0	0.1	4.136	1	1	0.9057	1	n.s.	False	True
