# TotalSamples(N)	586
GeneA	GeneB	nBoth	PctOfTotal	nGeneA	nGeneB	TotalSamples
TP53	KRAS	105	17.9	246	245	586
KRAS	PIK3CA	84	14.3	245	145	586
TP53	PIK3CA	43	7.3	246	145	586
KRAS	SMAD4	31	5.3	245	55	586
PIK3CA	SMAD4	24	4.1	145	55	586
KRAS	FBXW7	23	3.9	245	51	586
PIK3CA	KMT2D	22	3.8	145	45	586
PIK3CA	FBXW7	21	3.6	145	51	586
PIK3CA	BRAF	21	3.6	145	61	586
TP53	SMAD4	20	3.4	246	55	586
KRAS	PCBP1	19	3.2	245	25	586
KRAS	KMT2D	18	3.1	245	45	586
APC	KRAS	17	2.9	41	245	586
APC	PIK3CA	17	2.9	41	145	586
APC	POLE	17	2.9	41	30	586
TP53	FBXW7	17	2.9	246	51	586
PIK3CA	CTNNB1	16	2.7	145	31	586
PIK3CA	POLE	16	2.7	145	30	586
BRAF	KMT2D	16	2.7	61	45	586
APC	TP53	15	2.6	41	246	586
TP53	NRAS	15	2.6	246	36	586
KRAS	CTNNB1	15	2.6	245	31	586
PIK3CA	ATM	15	2.6	145	39	586
KRAS	TCF7L2	14	2.4	245	27	586
PIK3CA	KMT2C	14	2.4	145	39	586
KMT2D	POLE	14	2.4	45	30	586
TP53	TCF7L2	13	2.2	246	27	586
TP53	ATM	13	2.2	246	39	586
KRAS	SOX9	13	2.2	245	20	586
KRAS	ATM	13	2.2	245	39	586
KRAS	ERBB3	13	2.2	245	26	586
KMT2C	KMT2D	13	2.2	39	45	586
APC	KMT2C	12	2.0	41	39	586
TP53	CTNNB1	12	2.0	246	31	586
TP53	BRAF	12	2.0	246	61	586
TP53	ERBB3	12	2.0	246	26	586
PIK3CA	PCBP1	12	2.0	145	25	586
FBXW7	BRAF	12	2.0	51	61	586
BRAF	KMT2C	12	2.0	61	39	586
ATM	KMT2D	12	2.0	39	45	586
KMT2C	POLE	12	2.0	39	30	586
APC	ATM	11	1.9	41	39	586
KRAS	KMT2C	11	1.9	245	39	586
CTNNB1	KMT2D	11	1.9	31	45	586
BRAF	MSH6	11	1.9	61	19	586
ATM	POLE	11	1.9	39	30	586
APC	BRAF	10	1.7	41	61	586
APC	AMER1	10	1.7	41	19	586
APC	KMT2D	10	1.7	41	45	586
APC	ERBB3	10	1.7	41	26	586
KRAS	POLE	10	1.7	245	30	586
PIK3CA	TCF7L2	10	1.7	145	27	586
PIK3CA	ERBB3	10	1.7	145	26	586
BRAF	ATM	10	1.7	61	39	586
BRAF	POLE	10	1.7	61	30	586
ATM	KMT2C	10	1.7	39	39	586
POLE	MSH6	10	1.7	30	19	586
APC	TCF7L2	9	1.5	41	27	586
APC	MSH6	9	1.5	41	19	586
TP53	KMT2D	9	1.5	246	45	586
TP53	ERBB2	9	1.5	246	19	586
KRAS	SMAD2	9	1.5	245	15	586
KRAS	GNAS	9	1.5	245	14	586
PIK3CA	SOX9	9	1.5	145	20	586
PIK3CA	AMER1	9	1.5	145	19	586
PIK3CA	RNF43	9	1.5	145	19	586
PIK3CA	MSH6	9	1.5	145	19	586
FBXW7	ATM	9	1.5	51	39	586
TCF7L2	POLE	9	1.5	27	30	586
BRAF	AMER1	9	1.5	61	19	586
APC	FBXW7	8	1.4	41	51	586
APC	ARID1A	8	1.4	41	17	586
TP53	ARID1A	8	1.4	246	17	586
TP53	KMT2C	8	1.4	246	39	586
TP53	PCBP1	8	1.4	246	25	586
TP53	MAP2K4	8	1.4	246	19	586
KRAS	ERBB2	8	1.4	245	19	586
KRAS	PTEN	8	1.4	245	17	586
KRAS	RNF43	8	1.4	245	19	586
KRAS	MAP2K4	8	1.4	245	19	586
PIK3CA	SMAD2	8	1.4	145	15	586
PIK3CA	MAP2K4	8	1.4	145	19	586
FBXW7	CTNNB1	8	1.4	51	31	586
SMAD4	KMT2D	8	1.4	55	45	586
CTNNB1	ATM	8	1.4	31	39	586
CTNNB1	POLE	8	1.4	31	30	586
BRAF	RNF43	8	1.4	61	19	586
AMER1	ATM	8	1.4	19	39	586
AMER1	POLE	8	1.4	19	30	586
KMT2C	MSH6	8	1.4	39	19	586
APC	CDC27	7	1.2	41	9	586
TP53	POLE	7	1.2	246	30	586
KRAS	TGFBR2	7	1.2	245	11	586
PIK3CA	NRAS	7	1.2	145	36	586
PIK3CA	ARID1A	7	1.2	145	17	586
PIK3CA	PTEN	7	1.2	145	17	586
FBXW7	KMT2C	7	1.2	51	39	586
FBXW7	POLE	7	1.2	51	30	586
SMAD4	CTNNB1	7	1.2	55	31	586
SMAD4	ATM	7	1.2	55	39	586
SMAD4	POLE	7	1.2	55	30	586
TCF7L2	ATM	7	1.2	27	39	586
TCF7L2	KMT2D	7	1.2	27	45	586
CTNNB1	KMT2C	7	1.2	31	39	586
ATM	MSH6	7	1.2	39	19	586
ATM	MAP2K4	7	1.2	39	19	586
KMT2C	RNF43	7	1.2	39	19	586
KMT2D	ERBB3	7	1.2	45	26	586
POLE	CDC27	7	1.2	30	9	586
APC	SMAD4	6	1.0	41	55	586
APC	CTNNB1	6	1.0	41	31	586
APC	ERBB2	6	1.0	41	19	586
APC	PTEN	6	1.0	41	17	586
TP53	AMER1	6	1.0	246	19	586
TP53	GNAS	6	1.0	246	14	586
KRAS	AMER1	6	1.0	245	19	586
KRAS	AXIN2	6	1.0	245	13	586
PIK3CA	GNAS	6	1.0	145	14	586
PIK3CA	TGFBR2	6	1.0	145	11	586
PIK3CA	CDC27	6	1.0	145	9	586
FBXW7	KMT2D	6	1.0	51	45	586
FBXW7	TGFBR2	6	1.0	51	11	586
SMAD4	MAP2K4	6	1.0	55	19	586
TCF7L2	KMT2C	6	1.0	27	39	586
BRAF	ERBB3	6	1.0	61	26	586
BRAF	ACVR2A	6	1.0	61	11	586
BRAF	MAP2K4	6	1.0	61	19	586
ARID1A	AMER1	6	1.0	17	19	586
ARID1A	KMT2D	6	1.0	17	45	586
AMER1	KMT2C	6	1.0	19	39	586
AMER1	MSH6	6	1.0	19	19	586
AMER1	CDC27	6	1.0	19	9	586
ATM	PTEN	6	1.0	39	17	586
ATM	CDC27	6	1.0	39	9	586
KMT2C	MAP2K4	6	1.0	39	19	586
KMT2D	RNF43	6	1.0	45	19	586
KMT2D	MSH6	6	1.0	45	19	586
KMT2D	MAP2K4	6	1.0	45	19	586
PTEN	POLE	6	1.0	17	30	586
APC	SMAD2	5	0.9	41	15	586
APC	GNAS	5	0.9	41	14	586
TP53	ACVR2A	5	0.9	246	11	586
TP53	MSH6	5	0.9	246	19	586
TP53	AXIN2	5	0.9	246	13	586
KRAS	ARID1A	5	0.9	245	17	586
KRAS	MSH6	5	0.9	245	19	586
PIK3CA	ERBB2	5	0.9	145	19	586
PIK3CA	CASP8	5	0.9	145	9	586
PIK3CA	AXIN2	5	0.9	145	13	586
FBXW7	AMER1	5	0.9	51	19	586
SMAD4	BRAF	5	0.9	55	61	586
SMAD2	POLE	5	0.9	15	30	586
CTNNB1	BRAF	5	0.9	31	61	586
CTNNB1	AMER1	5	0.9	31	19	586
CTNNB1	MSH6	5	0.9	31	19	586
BRAF	ARID1A	5	0.9	61	17	586
BRAF	CASP8	5	0.9	61	9	586
SOX9	ATM	5	0.9	20	39	586
ARID1A	ATM	5	0.9	17	39	586
ARID1A	ERBB3	5	0.9	17	26	586
ARID1A	POLE	5	0.9	17	30	586
KMT2D	PTEN	5	0.9	45	17	586
KMT2D	ACVR2A	5	0.9	45	11	586
KMT2D	GNAS	5	0.9	45	14	586
ERBB3	RNF43	5	0.9	26	19	586
ERBB3	POLE	5	0.9	26	30	586
ACVR2A	POLE	5	0.9	11	30	586
RNF43	POLE	5	0.9	19	30	586
RNF43	MAP2K4	5	0.9	19	19	586
POLE	MAP2K4	5	0.9	30	19	586
APC	NRAS	4	0.7	41	36	586
APC	SOX9	4	0.7	41	20	586
APC	ACVR2A	4	0.7	41	11	586
APC	CASP8	4	0.7	41	9	586
APC	AXIN2	4	0.7	41	13	586
APC	MAP2K4	4	0.7	41	19	586
TP53	SMAD2	4	0.7	246	15	586
TP53	PTEN	4	0.7	246	17	586
TP53	RNF43	4	0.7	246	19	586
KRAS	NRAS	4	0.7	245	36	586
KRAS	BMPR1A	4	0.7	245	7	586
PIK3CA	ACVR2A	4	0.7	145	11	586
FBXW7	SMAD4	4	0.7	51	55	586
FBXW7	NRAS	4	0.7	51	36	586
FBXW7	SOX9	4	0.7	51	20	586
FBXW7	ERBB3	4	0.7	51	26	586
FBXW7	CASP8	4	0.7	51	9	586
FBXW7	PCBP1	4	0.7	51	25	586
FBXW7	CDC27	4	0.7	51	9	586
SMAD4	NRAS	4	0.7	55	36	586
SMAD4	KMT2C	4	0.7	55	39	586
SMAD4	PCBP1	4	0.7	55	25	586
TCF7L2	CTNNB1	4	0.7	27	31	586
TCF7L2	AMER1	4	0.7	27	19	586
TCF7L2	ERBB3	4	0.7	27	26	586
TCF7L2	MSH6	4	0.7	27	19	586
NRAS	ATM	4	0.7	36	39	586
SMAD2	AMER1	4	0.7	15	19	586
SMAD2	KMT2C	4	0.7	15	39	586
CTNNB1	PTEN	4	0.7	31	17	586
CTNNB1	B2M	4	0.7	31	5	586
BRAF	AXIN2	4	0.7	61	13	586
ARID1A	CDC27	4	0.7	17	9	586
AMER1	KMT2D	4	0.7	19	45	586
AMER1	ERBB2	4	0.7	19	19	586
AMER1	PTEN	4	0.7	19	17	586
AMER1	MAP2K4	4	0.7	19	19	586
ATM	ERBB3	4	0.7	39	26	586
ATM	ACVR2A	4	0.7	39	11	586
ATM	RNF43	4	0.7	39	19	586
ATM	AXIN2	4	0.7	39	13	586
KMT2C	ERBB2	4	0.7	39	19	586
KMT2C	PTEN	4	0.7	39	17	586
KMT2D	TGFBR2	4	0.7	45	11	586
KMT2D	CASP8	4	0.7	45	9	586
KMT2D	PCBP1	4	0.7	45	25	586
ERBB3	MAP2K4	4	0.7	26	19	586
PTEN	MSH6	4	0.7	17	19	586
PTEN	PCBP1	4	0.7	17	25	586
PTEN	CDC27	4	0.7	17	9	586
ACVR2A	MSH6	4	0.7	11	19	586
GNAS	POLE	4	0.7	14	30	586
RNF43	CDC27	4	0.7	19	9	586
POLE	CASP8	4	0.7	30	9	586
POLE	PCBP1	4	0.7	30	25	586
POLE	AXIN2	4	0.7	30	13	586
MSH6	CASP8	4	0.7	19	9	586
APC	RNF43	3	0.5	41	19	586
TP53	SOX9	3	0.5	246	20	586
KRAS	BRAF	3	0.5	245	61	586
KRAS	CASP8	3	0.5	245	9	586
KRAS	CDC27	3	0.5	245	9	586
FBXW7	TCF7L2	3	0.5	51	27	586
FBXW7	ARID1A	3	0.5	51	17	586
FBXW7	PTEN	3	0.5	51	17	586
FBXW7	ACVR2A	3	0.5	51	11	586
FBXW7	GNAS	3	0.5	51	14	586
FBXW7	B2M	3	0.5	51	5	586
FBXW7	MSH6	3	0.5	51	19	586
SMAD4	TCF7L2	3	0.5	55	27	586
SMAD4	SOX9	3	0.5	55	20	586
SMAD4	ARID1A	3	0.5	55	17	586
SMAD4	AMER1	3	0.5	55	19	586
SMAD4	ERBB2	3	0.5	55	19	586
SMAD4	ACVR2A	3	0.5	55	11	586
SMAD4	RNF43	3	0.5	55	19	586
SMAD4	MSH6	3	0.5	55	19	586
SMAD4	CASP8	3	0.5	55	9	586
SMAD4	CDC27	3	0.5	55	9	586
TCF7L2	SMAD2	3	0.5	27	15	586
TCF7L2	BRAF	3	0.5	27	61	586
TCF7L2	ARID1A	3	0.5	27	17	586
TCF7L2	ERBB2	3	0.5	27	19	586
TCF7L2	PTEN	3	0.5	27	17	586
TCF7L2	CDC27	3	0.5	27	9	586
NRAS	SMAD2	3	0.5	36	15	586
NRAS	CTNNB1	3	0.5	36	31	586
NRAS	KMT2D	3	0.5	36	45	586
NRAS	ERBB2	3	0.5	36	19	586
NRAS	ERBB3	3	0.5	36	26	586
NRAS	POLE	3	0.5	36	30	586
NRAS	PCBP1	3	0.5	36	25	586
SMAD2	ATM	3	0.5	15	39	586
SMAD2	ERBB2	3	0.5	15	19	586
SMAD2	PTEN	3	0.5	15	17	586
SMAD2	MSH6	3	0.5	15	19	586
CTNNB1	ACVR2A	3	0.5	31	11	586
CTNNB1	GNAS	3	0.5	31	14	586
CTNNB1	CASP8	3	0.5	31	9	586
CTNNB1	CDC27	3	0.5	31	9	586
BRAF	ERBB2	3	0.5	61	19	586
BRAF	PTEN	3	0.5	61	17	586
BRAF	GNAS	3	0.5	61	14	586
BRAF	TGFBR2	3	0.5	61	11	586
BRAF	CDC27	3	0.5	61	9	586
SOX9	ARID1A	3	0.5	20	17	586
SOX9	AMER1	3	0.5	20	19	586
SOX9	TGFBR2	3	0.5	20	11	586
ARID1A	KMT2C	3	0.5	17	39	586
ARID1A	PTEN	3	0.5	17	17	586
ARID1A	TGFBR2	3	0.5	17	11	586
ARID1A	RNF43	3	0.5	17	19	586
AMER1	RNF43	3	0.5	19	19	586
ATM	ERBB2	3	0.5	39	19	586
ATM	BMPR1A	3	0.5	39	7	586
ATM	CASP8	3	0.5	39	9	586
KMT2C	GNAS	3	0.5	39	14	586
KMT2C	CASP8	3	0.5	39	9	586
KMT2C	CDC27	3	0.5	39	9	586
KMT2D	BMPR1A	3	0.5	45	7	586
KMT2D	B2M	3	0.5	45	5	586
KMT2D	AXIN2	3	0.5	45	13	586
KMT2D	CDC27	3	0.5	45	9	586
ERBB2	POLE	3	0.5	19	30	586
ERBB2	MAP2K4	3	0.5	19	19	586
ERBB3	GNAS	3	0.5	26	14	586
ERBB3	MSH6	3	0.5	26	19	586
PTEN	MAP2K4	3	0.5	17	19	586
BMPR1A	POLE	3	0.5	7	30	586
RNF43	PCBP1	3	0.5	19	25	586
RNF43	AXIN2	3	0.5	19	13	586
B2M	POLE	3	0.5	5	30	586
MSH6	MAP2K4	3	0.5	19	19	586
MSH6	CDC27	3	0.5	19	9	586
PCBP1	MAP2K4	3	0.5	25	19	586
AXIN2	CDC27	3	0.5	13	9	586
MAP2K4	CDC27	3	0.5	19	9	586
APC	B2M	2	0.3	41	5	586
APC	PCBP1	2	0.3	41	25	586
TP53	CASP8	2	0.3	246	9	586
KRAS	ACVR2A	2	0.3	245	11	586
KRAS	B2M	2	0.3	245	5	586
KRAS	ELF3	2	0.3	245	3	586
PIK3CA	BMPR1A	2	0.3	145	7	586
PIK3CA	B2M	2	0.3	145	5	586
PIK3CA	ELF3	2	0.3	145	3	586
FBXW7	SMAD2	2	0.3	51	15	586
FBXW7	ERBB2	2	0.3	51	19	586
FBXW7	RNF43	2	0.3	51	19	586
FBXW7	AXIN2	2	0.3	51	13	586
FBXW7	MAP2K4	2	0.3	51	19	586
SMAD4	ERBB3	2	0.3	55	26	586
SMAD4	PTEN	2	0.3	55	17	586
SMAD4	B2M	2	0.3	55	5	586
SMAD4	AXIN2	2	0.3	55	13	586
TCF7L2	CASP8	2	0.3	27	9	586
TCF7L2	AXIN2	2	0.3	27	13	586
NRAS	BRAF	2	0.3	36	61	586
NRAS	AMER1	2	0.3	36	19	586
NRAS	KMT2C	2	0.3	36	39	586
NRAS	CDC27	2	0.3	36	9	586
SMAD2	CTNNB1	2	0.3	15	31	586
SMAD2	BRAF	2	0.3	15	61	586
SMAD2	KMT2D	2	0.3	15	45	586
SMAD2	RNF43	2	0.3	15	19	586
SMAD2	MAP2K4	2	0.3	15	19	586
SMAD2	CDC27	2	0.3	15	9	586
CTNNB1	ARID1A	2	0.3	31	17	586
CTNNB1	ERBB2	2	0.3	31	19	586
CTNNB1	ELF3	2	0.3	31	3	586
CTNNB1	PCBP1	2	0.3	31	25	586
CTNNB1	MAP2K4	2	0.3	31	19	586
BRAF	SOX9	2	0.3	61	20	586
BRAF	BMPR1A	2	0.3	61	7	586
BRAF	PCBP1	2	0.3	61	25	586
SOX9	POLE	2	0.3	20	30	586
SOX9	PCBP1	2	0.3	20	25	586
ARID1A	GNAS	2	0.3	17	14	586
ARID1A	MSH6	2	0.3	17	19	586
ARID1A	AXIN2	2	0.3	17	13	586
ARID1A	MAP2K4	2	0.3	17	19	586
AMER1	ERBB3	2	0.3	19	26	586
AMER1	ACVR2A	2	0.3	19	11	586
AMER1	B2M	2	0.3	19	5	586
AMER1	CASP8	2	0.3	19	9	586
AMER1	AXIN2	2	0.3	19	13	586
ATM	TGFBR2	2	0.3	39	11	586
ATM	B2M	2	0.3	39	5	586
ATM	PCBP1	2	0.3	39	25	586
KMT2C	ERBB3	2	0.3	39	26	586
KMT2C	ACVR2A	2	0.3	39	11	586
KMT2C	ELF3	2	0.3	39	3	586
KMT2C	PCBP1	2	0.3	39	25	586
KMT2C	AXIN2	2	0.3	39	13	586
KMT2D	ELF3	2	0.3	45	3	586
ERBB2	ERBB3	2	0.3	19	26	586
ERBB2	PTEN	2	0.3	19	17	586
ERBB2	RNF43	2	0.3	19	19	586
ERBB2	MSH6	2	0.3	19	19	586
ERBB2	PCBP1	2	0.3	19	25	586
ERBB2	CDC27	2	0.3	19	9	586
ERBB3	PTEN	2	0.3	26	17	586
ERBB3	ACVR2A	2	0.3	26	11	586
ERBB3	CASP8	2	0.3	26	9	586
ERBB3	CDC27	2	0.3	26	9	586
PTEN	RNF43	2	0.3	17	19	586
PTEN	B2M	2	0.3	17	5	586
PTEN	AXIN2	2	0.3	17	13	586
ACVR2A	MAP2K4	2	0.3	11	19	586
GNAS	RNF43	2	0.3	14	19	586
BMPR1A	MAP2K4	2	0.3	7	19	586
RNF43	MSH6	2	0.3	19	19	586
RNF43	CASP8	2	0.3	19	9	586
B2M	CASP8	2	0.3	5	9	586
B2M	CDC27	2	0.3	5	9	586
MSH6	PCBP1	2	0.3	19	25	586
MSH6	AXIN2	2	0.3	19	13	586
PCBP1	AXIN2	2	0.3	25	13	586
AXIN2	MAP2K4	2	0.3	13	19	586
APC	ELF3	1	0.2	41	3	586
TP53	BMPR1A	1	0.2	246	7	586
TP53	TGFBR2	1	0.2	246	11	586
TP53	ELF3	1	0.2	246	3	586
TP53	CDC27	1	0.2	246	9	586
SMAD4	SMAD2	1	0.2	55	15	586
SMAD4	GNAS	1	0.2	55	14	586
TCF7L2	NRAS	1	0.2	27	36	586
TCF7L2	SOX9	1	0.2	27	20	586
TCF7L2	ACVR2A	1	0.2	27	11	586
TCF7L2	GNAS	1	0.2	27	14	586
TCF7L2	BMPR1A	1	0.2	27	7	586
TCF7L2	TGFBR2	1	0.2	27	11	586
TCF7L2	RNF43	1	0.2	27	19	586
TCF7L2	ELF3	1	0.2	27	3	586
TCF7L2	PCBP1	1	0.2	27	25	586
TCF7L2	MAP2K4	1	0.2	27	19	586
NRAS	PTEN	1	0.2	36	17	586
NRAS	RNF43	1	0.2	36	19	586
NRAS	B2M	1	0.2	36	5	586
NRAS	MSH6	1	0.2	36	19	586
NRAS	MAP2K4	1	0.2	36	19	586
SMAD2	ERBB3	1	0.2	15	26	586
SMAD2	TGFBR2	1	0.2	15	11	586
SMAD2	PCBP1	1	0.2	15	25	586
SMAD2	AXIN2	1	0.2	15	13	586
CTNNB1	ERBB3	1	0.2	31	26	586
CTNNB1	BMPR1A	1	0.2	31	7	586
CTNNB1	RNF43	1	0.2	31	19	586
CTNNB1	AXIN2	1	0.2	31	13	586
BRAF	B2M	1	0.2	61	5	586
BRAF	ELF3	1	0.2	61	3	586
SOX9	KMT2C	1	0.2	20	39	586
SOX9	KMT2D	1	0.2	20	45	586
SOX9	ERBB3	1	0.2	20	26	586
SOX9	ACVR2A	1	0.2	20	11	586
SOX9	GNAS	1	0.2	20	14	586
SOX9	RNF43	1	0.2	20	19	586
SOX9	AXIN2	1	0.2	20	13	586
SOX9	MAP2K4	1	0.2	20	19	586
SOX9	CDC27	1	0.2	20	9	586
ARID1A	ERBB2	1	0.2	17	19	586
ARID1A	ACVR2A	1	0.2	17	11	586
ARID1A	B2M	1	0.2	17	5	586
ARID1A	CASP8	1	0.2	17	9	586
ARID1A	ELF3	1	0.2	17	3	586
AMER1	GNAS	1	0.2	19	14	586
AMER1	BMPR1A	1	0.2	19	7	586
AMER1	TGFBR2	1	0.2	19	11	586
AMER1	ELF3	1	0.2	19	3	586
AMER1	PCBP1	1	0.2	19	25	586
ATM	GNAS	1	0.2	39	14	586
ATM	ELF3	1	0.2	39	3	586
KMT2C	BMPR1A	1	0.2	39	7	586
KMT2C	TGFBR2	1	0.2	39	11	586
KMT2C	B2M	1	0.2	39	5	586
KMT2D	ERBB2	1	0.2	45	19	586
ERBB2	GNAS	1	0.2	19	14	586
ERBB2	AXIN2	1	0.2	19	13	586
ERBB3	TGFBR2	1	0.2	26	11	586
ERBB3	PCBP1	1	0.2	26	25	586
ERBB3	AXIN2	1	0.2	26	13	586
PTEN	ACVR2A	1	0.2	17	11	586
PTEN	GNAS	1	0.2	17	14	586
PTEN	BMPR1A	1	0.2	17	7	586
PTEN	TGFBR2	1	0.2	17	11	586
PTEN	ELF3	1	0.2	17	3	586
ACVR2A	GNAS	1	0.2	11	14	586
ACVR2A	BMPR1A	1	0.2	11	7	586
ACVR2A	CASP8	1	0.2	11	9	586
ACVR2A	PCBP1	1	0.2	11	25	586
ACVR2A	AXIN2	1	0.2	11	13	586
ACVR2A	CDC27	1	0.2	11	9	586
GNAS	B2M	1	0.2	14	5	586
GNAS	MSH6	1	0.2	14	19	586
GNAS	CASP8	1	0.2	14	9	586
GNAS	ELF3	1	0.2	14	3	586
GNAS	PCBP1	1	0.2	14	25	586
GNAS	AXIN2	1	0.2	14	13	586
GNAS	CDC27	1	0.2	14	9	586
BMPR1A	TGFBR2	1	0.2	7	11	586
BMPR1A	MSH6	1	0.2	7	19	586
BMPR1A	PCBP1	1	0.2	7	25	586
BMPR1A	AXIN2	1	0.2	7	13	586
TGFBR2	POLE	1	0.2	11	30	586
TGFBR2	PCBP1	1	0.2	11	25	586
TGFBR2	AXIN2	1	0.2	11	13	586
TGFBR2	MAP2K4	1	0.2	11	19	586
RNF43	B2M	1	0.2	19	5	586
RNF43	ELF3	1	0.2	19	3	586
B2M	MSH6	1	0.2	5	19	586
B2M	PCBP1	1	0.2	5	25	586
POLE	ELF3	1	0.2	30	3	586
MSH6	ELF3	1	0.2	19	3	586
CASP8	PCBP1	1	0.2	9	25	586
CASP8	AXIN2	1	0.2	9	13	586
CASP8	CDC27	1	0.2	9	9	586
ELF3	CDC27	1	0.2	3	9	586
PCBP1	CDC27	1	0.2	25	9	586
APC	BMPR1A	0	0.0	41	7	586
APC	TGFBR2	0	0.0	41	11	586
TP53	B2M	0	0.0	246	5	586
FBXW7	BMPR1A	0	0.0	51	7	586
FBXW7	ELF3	0	0.0	51	3	586
SMAD4	BMPR1A	0	0.0	55	7	586
SMAD4	TGFBR2	0	0.0	55	11	586
SMAD4	ELF3	0	0.0	55	3	586
TCF7L2	B2M	0	0.0	27	5	586
NRAS	SOX9	0	0.0	36	20	586
NRAS	ARID1A	0	0.0	36	17	586
NRAS	ACVR2A	0	0.0	36	11	586
NRAS	GNAS	0	0.0	36	14	586
NRAS	BMPR1A	0	0.0	36	7	586
NRAS	TGFBR2	0	0.0	36	11	586
NRAS	CASP8	0	0.0	36	9	586
NRAS	ELF3	0	0.0	36	3	586
NRAS	AXIN2	0	0.0	36	13	586
SMAD2	SOX9	0	0.0	15	20	586
SMAD2	ARID1A	0	0.0	15	17	586
SMAD2	ACVR2A	0	0.0	15	11	586
SMAD2	GNAS	0	0.0	15	14	586
SMAD2	BMPR1A	0	0.0	15	7	586
SMAD2	B2M	0	0.0	15	5	586
SMAD2	CASP8	0	0.0	15	9	586
SMAD2	ELF3	0	0.0	15	3	586
CTNNB1	SOX9	0	0.0	31	20	586
CTNNB1	TGFBR2	0	0.0	31	11	586
SOX9	ERBB2	0	0.0	20	19	586
SOX9	PTEN	0	0.0	20	17	586
SOX9	BMPR1A	0	0.0	20	7	586
SOX9	B2M	0	0.0	20	5	586
SOX9	MSH6	0	0.0	20	19	586
SOX9	CASP8	0	0.0	20	9	586
SOX9	ELF3	0	0.0	20	3	586
ARID1A	BMPR1A	0	0.0	17	7	586
ARID1A	PCBP1	0	0.0	17	25	586
ERBB2	ACVR2A	0	0.0	19	11	586
ERBB2	BMPR1A	0	0.0	19	7	586
ERBB2	TGFBR2	0	0.0	19	11	586
ERBB2	B2M	0	0.0	19	5	586
ERBB2	CASP8	0	0.0	19	9	586
ERBB2	ELF3	0	0.0	19	3	586
ERBB3	BMPR1A	0	0.0	26	7	586
ERBB3	B2M	0	0.0	26	5	586
ERBB3	ELF3	0	0.0	26	3	586
PTEN	CASP8	0	0.0	17	9	586
ACVR2A	TGFBR2	0	0.0	11	11	586
ACVR2A	RNF43	0	0.0	11	19	586
ACVR2A	B2M	0	0.0	11	5	586
ACVR2A	ELF3	0	0.0	11	3	586
GNAS	BMPR1A	0	0.0	14	7	586
GNAS	TGFBR2	0	0.0	14	11	586
GNAS	MAP2K4	0	0.0	14	19	586
BMPR1A	RNF43	0	0.0	7	19	586
BMPR1A	B2M	0	0.0	7	5	586
BMPR1A	CASP8	0	0.0	7	9	586
BMPR1A	ELF3	0	0.0	7	3	586
BMPR1A	CDC27	0	0.0	7	9	586
TGFBR2	RNF43	0	0.0	11	19	586
TGFBR2	B2M	0	0.0	11	5	586
TGFBR2	MSH6	0	0.0	11	19	586
TGFBR2	CASP8	0	0.0	11	9	586
TGFBR2	ELF3	0	0.0	11	3	586
TGFBR2	CDC27	0	0.0	11	9	586
B2M	ELF3	0	0.0	5	3	586
B2M	AXIN2	0	0.0	5	13	586
B2M	MAP2K4	0	0.0	5	19	586
CASP8	ELF3	0	0.0	9	3	586
CASP8	MAP2K4	0	0.0	9	19	586
ELF3	PCBP1	0	0.0	3	25	586
ELF3	AXIN2	0	0.0	3	13	586
ELF3	MAP2K4	0	0.0	3	19	586
