Sample	MissenseSNV_burden	Class
TCGA-AG-A002-01	8822	Hypermutated
TCGA-F5-6814-01	6848	Hypermutated
TCGA-CA-6717-01	6305	Hypermutated
TCGA-AA-A010-01	6042	Hypermutated
TCGA-AZ-4315-01	4923	Hypermutated
TCGA-AA-A00N-01	4289	Hypermutated
TCGA-AA-3984-01	4119	Hypermutated
TCGA-EI-6917-01	3978	Hypermutated
TCGA-AA-3977-01	3402	Hypermutated
TCGA-CK-4951-01	3039	Hypermutated
TCGA-CA-6718-01	2462	Hypermutated
TCGA-AA-3510-01	2274	Hypermutated
TCGA-AG-3892-01	2249	Hypermutated
TCGA-AA-3864-01	1879	Hypermutated
TCGA-WS-AB45-01	1638	Hypermutated
TCGA-A6-6781-01	1502	Hypermutated
TCGA-AZ-6601-01	1497	Hypermutated
TCGA-NH-A5IV-01	1481	Hypermutated
TCGA-AA-3947-01	1472	Hypermutated
TCGA-AZ-6598-01	1436	Hypermutated
TCGA-AA-3715-01	1417	Hypermutated
TCGA-AA-3811-01	1395	Hypermutated
TCGA-AA-A01R-01	1358	Hypermutated
TCGA-AA-3492-01	1336	Hypermutated
TCGA-G4-6588-01	1298	Hypermutated
TCGA-A6-2686-01	1276	Hypermutated
TCGA-AA-3663-01	1249	Hypermutated
TCGA-5M-AAT6-01	1248	Hypermutated
TCGA-A6-5665-01	1229	Hypermutated
TCGA-G4-6628-01	1225	Hypermutated
TCGA-AD-6895-01	1107	Hypermutated
TCGA-AA-3672-01	1073	Hypermutated
TCGA-F4-6570-01	1070	Hypermutated
TCGA-D5-6928-01	1062	Hypermutated
TCGA-AD-6889-01	1031	Hypermutated
TCGA-AD-6964-01	1022	Hypermutated
TCGA-AA-A022-01	954	Hypermutated
TCGA-CM-5861-01	946	Hypermutated
TCGA-AD-5900-01	930	Hypermutated
TCGA-CK-5916-01	895	Hypermutated
TCGA-AD-A5EJ-01	876	Hypermutated
TCGA-A6-3809-01	850	Hypermutated
TCGA-AA-3966-01	842	Hypermutated
TCGA-AM-5821-01	836	Hypermutated
TCGA-A6-6780-01	819	Hypermutated
TCGA-EI-6882-01	816	Hypermutated
TCGA-AA-3949-01	792	Hypermutated
TCGA-A6-5661-01	773	Hypermutated
TCGA-D5-6540-01	771	Hypermutated
TCGA-D5-6930-01	765	Hypermutated
TCGA-AZ-4313-01	760	Hypermutated
TCGA-CM-6171-01	755	Hypermutated
TCGA-A6-2672-01	746	Hypermutated
TCGA-CK-6746-01	742	Hypermutated
TCGA-CM-4743-01	740	Hypermutated
TCGA-AG-A02N-01	733	Hypermutated
TCGA-DM-A1HB-01	729	Hypermutated
TCGA-G4-6586-01	721	Hypermutated
TCGA-AY-6197-01	710	Hypermutated
TCGA-AA-3877-01	705	Hypermutated
TCGA-G4-6320-01	704	Hypermutated
TCGA-A6-6653-01	702	Hypermutated
TCGA-AA-3950-01	682	Hypermutated
TCGA-AA-A02R-01	681	Hypermutated
TCGA-CM-6162-01	678	Hypermutated
TCGA-AA-3845-01	675	Hypermutated
TCGA-QG-A5Z2-01	652	Hypermutated
TCGA-AA-3713-01	619	Hypermutated
TCGA-D5-6530-01	616	Hypermutated
TCGA-AZ-4615-01	612	Hypermutated
TCGA-F4-6856-01	607	Hypermutated
TCGA-EI-6507-01	604	Hypermutated
TCGA-G4-6302-01	599	Hypermutated
TCGA-G4-6304-01	595	Hypermutated
TCGA-AU-6004-01	583	Hypermutated
TCGA-AA-A01P-01	569	Hypermutated
TCGA-AA-3815-01	564	Hypermutated
TCGA-CM-6674-01	535	Hypermutated
TCGA-CK-5913-01	513	Hypermutated
TCGA-AA-3821-01	512	Hypermutated
TCGA-G4-6309-01	503	Hypermutated
TCGA-CM-4746-01	475	Hypermutated
TCGA-D5-6927-01	415	Hypermutated
TCGA-AA-3833-01	395	Hypermutated
TCGA-AG-3891-01	354	Hypermutated
TCGA-AG-3906-01	346	Hypermutated
TCGA-F4-6703-01	271	Hypermutated
TCGA-D5-6931-01	227	Hypermutated
TCGA-A6-A565-01	218	Hypermutated
TCGA-DM-A1DA-01	207	Hypermutated
TCGA-CI-6624-01	200	Hypermutated
TCGA-AG-3592-01	188	Standard
TCGA-AD-6901-01	182	Standard
TCGA-AZ-6599-01	166	Standard
TCGA-QL-A97D-01	166	Standard
TCGA-DM-A28F-01	162	Standard
TCGA-AG-A026-01	161	Standard
TCGA-A6-5659-01	159	Standard
TCGA-AG-A00Y-01	154	Standard
TCGA-AY-6196-01	150	Standard
TCGA-CA-5254-01	141	Standard
TCGA-AY-A69D-01	137	Standard
TCGA-CM-5864-01	135	Standard
TCGA-D5-6531-01	135	Standard
TCGA-AA-3697-01	134	Standard
TCGA-CM-6168-01	133	Standard
TCGA-AA-3666-01	131	Standard
TCGA-AA-3819-01	131	Standard
TCGA-5M-AAT4-01	130	Standard
TCGA-A6-6654-01	130	Standard
TCGA-DM-A0X9-01	130	Standard
TCGA-AA-3502-01	129	Standard
TCGA-A6-3810-01	128	Standard
TCGA-A6-4107-01	127	Standard
TCGA-AA-3930-01	126	Standard
TCGA-AA-3994-01	125	Standard
TCGA-AA-A02O-01	124	Standard
TCGA-CM-5348-01	124	Standard
TCGA-AZ-4614-01	123	Standard
TCGA-EF-5831-01	123	Standard
TCGA-A6-4105-01	122	Standard
TCGA-CK-4950-01	122	Standard
TCGA-DM-A1D4-01	122	Standard
TCGA-D5-6535-01	121	Standard
TCGA-T9-A92H-01	120	Standard
TCGA-AG-A036-01	119	Standard
TCGA-DY-A1DG-01	119	Standard
TCGA-CK-6751-01	117	Standard
TCGA-F4-6807-01	117	Standard
TCGA-G5-6233-01	117	Standard
TCGA-QG-A5YV-01	117	Standard
TCGA-EI-7002-01	115	Standard
TCGA-A6-A566-01	114	Standard
TCGA-DM-A285-01	114	Standard
TCGA-D5-6534-01	113	Standard
TCGA-CM-5341-01	111	Standard
TCGA-D5-6533-01	111	Standard
TCGA-AA-A02E-01	110	Standard
TCGA-DM-A0XD-01	110	Standard
TCGA-DM-A1D8-01	110	Standard
TCGA-SS-A7HO-01	110	Standard
TCGA-G4-6299-01	109	Standard
TCGA-AA-3695-01	108	Standard
TCGA-AA-3506-01	107	Standard
TCGA-AA-3664-01	107	Standard
TCGA-G4-6294-01	107	Standard
TCGA-NH-A6GB-01	107	Standard
TCGA-G4-6295-01	106	Standard
TCGA-AA-3693-01	105	Standard
TCGA-AD-6899-01	105	Standard
TCGA-AG-3742-01	105	Standard
TCGA-A6-2679-01	104	Standard
TCGA-A6-2681-01	104	Standard
TCGA-AA-3967-01	104	Standard
TCGA-DY-A1DC-01	104	Standard
TCGA-AG-4007-01	103	Standard
TCGA-DM-A1HA-01	103	Standard
TCGA-AA-3848-01	102	Standard
TCGA-AF-A56N-01	102	Standard
TCGA-AG-4021-01	102	Standard
TCGA-AY-4070-01	102	Standard
TCGA-DY-A0XA-01	102	Standard
TCGA-F4-6809-01	102	Standard
TCGA-A6-6650-01	101	Standard
TCGA-AA-3854-01	101	Standard
TCGA-CK-4952-01	101	Standard
TCGA-F4-6460-01	101	Standard
TCGA-NH-A50V-01	101	Standard
TCGA-AH-6544-01	100	Standard
TCGA-CK-5914-01	100	Standard
TCGA-EI-6513-01	100	Standard
TCGA-F5-6864-01	100	Standard
TCGA-G4-6314-01	100	Standard
TCGA-F4-6461-01	99	Standard
TCGA-G4-6311-01	99	Standard
TCGA-AG-3731-01	98	Standard
TCGA-CM-4744-01	98	Standard
TCGA-QG-A5YW-01	98	Standard
TCGA-A6-3808-01	97	Standard
TCGA-AA-3818-01	97	Standard
TCGA-AG-A01W-01	97	Standard
TCGA-G4-6315-01	97	Standard
TCGA-AA-3975-01	96	Standard
TCGA-AA-3979-01	96	Standard
TCGA-AA-A02K-01	96	Standard
TCGA-CA-6716-01	96	Standard
TCGA-NH-A50T-01	96	Standard
TCGA-A6-2677-01	95	Standard
TCGA-AA-3852-01	95	Standard
TCGA-AA-3956-01	95	Standard
TCGA-AA-A03F-01	95	Standard
TCGA-AY-A54L-01	95	Standard
TCGA-AZ-6608-01	95	Standard
TCGA-D5-6932-01	95	Standard
TCGA-DM-A1D7-01	95	Standard
TCGA-DY-A1DF-01	95	Standard
TCGA-AF-A56L-01	94	Standard
TCGA-D5-6538-01	94	Standard
TCGA-D5-6924-01	94	Standard
TCGA-G5-6235-01	94	Standard
TCGA-AA-3712-01	93	Standard
TCGA-AA-3837-01	93	Standard
TCGA-AA-A01K-01	93	Standard
TCGA-AG-A00C-01	93	Standard
TCGA-CM-6677-01	93	Standard
TCGA-5M-AATE-01	92	Standard
TCGA-AZ-6600-01	92	Standard
TCGA-DM-A28A-01	92	Standard
TCGA-DY-A1DD-01	92	Standard
TCGA-F4-6808-01	92	Standard
TCGA-EI-6506-01	91	Standard
TCGA-G4-6317-02	91	Standard
TCGA-3L-AA1B-01	90	Standard
TCGA-4T-AA8H-01	90	Standard
TCGA-A6-2684-01	90	Standard
TCGA-AA-3855-01	90	Standard
TCGA-AG-3893-01	90	Standard
TCGA-AA-3875-01	89	Standard
TCGA-AA-A01D-01	89	Standard
TCGA-DC-6682-01	89	Standard
TCGA-A6-2674-01	88	Standard
TCGA-A6-6782-01	88	Standard
TCGA-AA-3870-01	88	Standard
TCGA-CM-4752-01	88	Standard
TCGA-F5-6813-01	88	Standard
TCGA-G4-6626-01	88	Standard
TCGA-NH-A8F7-01	88	Standard
TCGA-RU-A8FL-01	88	Standard
TCGA-A6-5660-01	87	Standard
TCGA-AA-3681-01	87	Standard
TCGA-AG-3883-01	87	Standard
TCGA-AG-3896-01	87	Standard
TCGA-CM-6678-01	87	Standard
TCGA-DM-A0XF-01	87	Standard
TCGA-AA-3660-01	86	Standard
TCGA-AA-3968-01	86	Standard
TCGA-AF-5654-01	86	Standard
TCGA-BM-6198-01	86	Standard
TCGA-DM-A1D9-01	86	Standard
TCGA-AA-3955-01	85	Standard
TCGA-AA-A02J-01	85	Standard
TCGA-AG-3902-01	85	Standard
TCGA-D5-6929-01	85	Standard
TCGA-F4-6459-01	85	Standard
TCGA-F5-6810-01	85	Standard
TCGA-AA-3941-01	84	Standard
TCGA-AA-A02Y-01	84	Standard
TCGA-DM-A28H-01	84	Standard
TCGA-EI-6514-01	84	Standard
TCGA-AA-3684-01	83	Standard
TCGA-AA-3982-01	83	Standard
TCGA-AF-2687-01	83	Standard
TCGA-CL-5918-01	83	Standard
TCGA-F4-6854-01	83	Standard
TCGA-NH-A6GC-01	82	Standard
TCGA-AA-3844-01	81	Standard
TCGA-AA-3939-01	81	Standard
TCGA-AA-3989-01	81	Standard
TCGA-AF-3914-01	81	Standard
TCGA-AG-A02X-01	81	Standard
TCGA-AZ-6606-01	81	Standard
TCGA-G4-6306-01	81	Standard
TCGA-AA-3812-01	80	Standard
TCGA-AY-4071-01	80	Standard
TCGA-AY-5543-01	80	Standard
TCGA-EI-6512-01	80	Standard
TCGA-AD-6548-01	79	Standard
TCGA-AD-6965-01	79	Standard
TCGA-AG-3726-01	79	Standard
TCGA-AH-6897-01	79	Standard
TCGA-CA-6719-01	79	Standard
TCGA-DM-A280-01	79	Standard
TCGA-DM-A28G-01	79	Standard
TCGA-A6-6137-01	78	Standard
TCGA-A6-6649-01	78	Standard
TCGA-AA-3511-01	78	Standard
TCGA-AA-3831-01	78	Standard
TCGA-AA-3861-01	78	Standard
TCGA-AA-A01I-01	78	Standard
TCGA-AA-A01V-01	78	Standard
TCGA-AF-6136-01	78	Standard
TCGA-D5-5540-01	78	Standard
TCGA-EI-6508-01	78	Standard
TCGA-G4-6293-01	78	Standard
TCGA-A6-5657-01	77	Standard
TCGA-AG-3728-01	77	Standard
TCGA-AH-6643-01	77	Standard
TCGA-CM-6169-01	77	Standard
TCGA-D5-6537-01	77	Standard
TCGA-DM-A1D0-01	77	Standard
TCGA-D5-6536-01	76	Standard
TCGA-F4-6569-01	76	Standard
TCGA-A6-5656-01	75	Standard
TCGA-AA-3680-01	75	Standard
TCGA-CK-6747-01	75	Standard
TCGA-D5-6926-01	75	Standard
TCGA-A6-6138-01	74	Standard
TCGA-AU-3779-01	74	Standard
TCGA-D5-6532-01	74	Standard
TCGA-D5-6920-01	74	Standard
TCGA-CK-4948-01	73	Standard
TCGA-D5-6922-01	73	Standard
TCGA-EI-6510-01	73	Standard
TCGA-F5-6465-01	73	Standard
TCGA-G4-6625-01	73	Standard
TCGA-AG-3881-01	72	Standard
TCGA-AG-3890-01	72	Standard
TCGA-AG-3898-01	72	Standard
TCGA-CK-4947-01	72	Standard
TCGA-D5-6529-01	72	Standard
TCGA-DM-A28C-01	72	Standard
TCGA-AA-3495-01	71	Standard
TCGA-AA-3850-01	71	Standard
TCGA-AA-3866-01	71	Standard
TCGA-AF-3913-01	71	Standard
TCGA-AG-A01N-01	71	Standard
TCGA-CM-5860-01	71	Standard
TCGA-D5-5538-01	71	Standard
TCGA-D5-7000-01	71	Standard
TCGA-NH-A8F8-01	71	Standard
TCGA-AA-3980-01	70	Standard
TCGA-AG-4001-01	70	Standard
TCGA-AG-A014-01	70	Standard
TCGA-AH-6644-01	70	Standard
TCGA-CI-6621-01	70	Standard
TCGA-CM-6165-01	70	Standard
TCGA-D5-6539-01	70	Standard
TCGA-DM-A28K-01	70	Standard
TCGA-EI-6881-01	70	Standard
TCGA-A6-2680-01	69	Standard
TCGA-AA-A01Z-01	69	Standard
TCGA-AD-6888-01	69	Standard
TCGA-AG-A015-01	69	Standard
TCGA-DC-5337-01	69	Standard
TCGA-DC-6154-01	69	Standard
TCGA-DM-A1D6-01	69	Standard
TCGA-EI-6884-01	69	Standard
TCGA-A6-3807-01	68	Standard
TCGA-AA-3814-01	68	Standard
TCGA-AA-3862-01	68	Standard
TCGA-AD-6890-01	68	Standard
TCGA-AG-3727-01	68	Standard
TCGA-F5-6464-01	68	Standard
TCGA-A6-5666-01	67	Standard
TCGA-AZ-5407-01	67	Standard
TCGA-G4-6310-01	67	Standard
TCGA-QG-A5Z1-01	67	Standard
TCGA-AA-3494-01	66	Standard
TCGA-AA-3530-01	66	Standard
TCGA-AA-3867-01	66	Standard
TCGA-AF-4110-01	66	Standard
TCGA-D5-6541-01	66	Standard
TCGA-DM-A282-01	66	Standard
TCGA-EI-6885-01	66	Standard
TCGA-F5-6812-01	66	Standard
TCGA-F5-6861-01	66	Standard
TCGA-AA-3489-01	65	Standard
TCGA-AA-A01T-01	65	Standard
TCGA-AG-3725-01	65	Standard
TCGA-AG-4015-01	65	Standard
TCGA-CI-6622-01	65	Standard
TCGA-CM-6163-01	65	Standard
TCGA-DY-A1H8-01	65	Standard
TCGA-EI-6883-01	65	Standard
TCGA-NH-A8F7-06	65	Standard
TCGA-A6-6648-01	64	Standard
TCGA-AG-3999-01	64	Standard
TCGA-CM-4751-01	64	Standard
TCGA-G4-6627-01	64	Standard
TCGA-A6-6651-01	63	Standard
TCGA-AA-3496-01	63	Standard
TCGA-AA-3976-01	63	Standard
TCGA-AA-A00O-01	63	Standard
TCGA-AG-3885-01	63	Standard
TCGA-AG-4005-01	63	Standard
TCGA-AG-A01J-01	63	Standard
TCGA-AZ-4616-01	63	Standard
TCGA-CM-6676-01	63	Standard
TCGA-D5-5539-01	63	Standard
TCGA-G4-6317-01	63	Standard
TCGA-A6-A56B-01	62	Standard
TCGA-AA-3846-01	62	Standard
TCGA-AG-3878-01	62	Standard
TCGA-AY-6386-01	62	Standard
TCGA-AY-A71X-01	62	Standard
TCGA-CM-5349-01	62	Standard
TCGA-CM-6161-01	62	Standard
TCGA-CM-6170-01	62	Standard
TCGA-EI-7004-01	62	Standard
TCGA-F4-6806-01	62	Standard
TCGA-F4-6855-01	62	Standard
TCGA-4N-A93T-01	61	Standard
TCGA-A6-2675-01	61	Standard
TCGA-AA-3842-01	61	Standard
TCGA-AG-3894-01	61	Standard
TCGA-D5-5537-01	61	Standard
TCGA-DC-6157-01	61	Standard
TCGA-G4-6303-01	61	Standard
TCGA-A6-A5ZU-01	60	Standard
TCGA-AG-3909-01	60	Standard
TCGA-AG-4008-01	60	Standard
TCGA-AG-4022-01	60	Standard
TCGA-AG-A01Y-01	60	Standard
TCGA-CM-6172-01	60	Standard
TCGA-DM-A28M-01	60	Standard
TCGA-F5-6811-01	60	Standard
TCGA-AA-3509-01	59	Standard
TCGA-AF-A56K-01	59	Standard
TCGA-AG-A016-01	59	Standard
TCGA-AA-3696-01	58	Standard
TCGA-AA-3851-01	58	Standard
TCGA-AA-3986-01	58	Standard
TCGA-AA-A03J-01	58	Standard
TCGA-AF-3911-01	58	Standard
TCGA-CM-6166-01	58	Standard
TCGA-G5-6641-01	58	Standard
TCGA-QG-A5YX-01	58	Standard
TCGA-AA-3675-01	57	Standard
TCGA-AD-A5EK-01	57	Standard
TCGA-AG-3882-01	57	Standard
TCGA-AZ-6605-01	57	Standard
TCGA-CM-5862-01	57	Standard
TCGA-AA-3655-01	56	Standard
TCGA-AA-3662-01	56	Standard
TCGA-AF-2693-01	56	Standard
TCGA-AG-A008-01	56	Standard
TCGA-AH-6549-01	56	Standard
TCGA-AZ-4681-01	56	Standard
TCGA-AZ-6603-01	56	Standard
TCGA-CA-6715-01	56	Standard
TCGA-CM-5868-01	56	Standard
TCGA-G4-6322-01	56	Standard
TCGA-NH-A50U-01	56	Standard
TCGA-A6-6652-01	55	Standard
TCGA-AA-3685-01	55	Standard
TCGA-AA-3952-01	55	Standard
TCGA-AA-3971-01	55	Standard
TCGA-AA-A01C-01	55	Standard
TCGA-AA-A029-01	55	Standard
TCGA-AG-A020-01	55	Standard
TCGA-DM-A28E-01	55	Standard
TCGA-A6-2682-01	54	Standard
TCGA-A6-6142-01	54	Standard
TCGA-AA-3972-01	54	Standard
TCGA-AF-6672-01	54	Standard
TCGA-AG-3887-01	54	Standard
TCGA-AZ-4682-01	54	Standard
TCGA-CL-5917-01	54	Standard
TCGA-CM-4747-01	54	Standard
TCGA-CM-4750-01	54	Standard
TCGA-DC-4749-01	54	Standard
TCGA-DC-6160-01	54	Standard
TCGA-G4-6297-01	54	Standard
TCGA-AA-A02H-01	53	Standard
TCGA-AA-A02W-01	53	Standard
TCGA-CM-6680-01	53	Standard
TCGA-NH-A6GA-01	53	Standard
TCGA-AA-3488-01	52	Standard
TCGA-AA-3678-01	52	Standard
TCGA-CL-4957-01	52	Standard
TCGA-CM-6675-01	52	Standard
TCGA-G4-6298-01	52	Standard
TCGA-AA-3688-01	51	Standard
TCGA-AF-2690-01	51	Standard
TCGA-CI-6623-01	51	Standard
TCGA-CK-5915-01	51	Standard
TCGA-CM-6164-01	51	Standard
TCGA-CM-6167-01	51	Standard
TCGA-D5-6898-01	51	Standard
TCGA-DC-4745-01	51	Standard
TCGA-AA-3841-01	50	Standard
TCGA-AA-A004-01	50	Standard
TCGA-AF-6655-01	50	Standard
TCGA-AY-A8YK-01	50	Standard
TCGA-AZ-6607-01	50	Standard
TCGA-DC-6158-01	50	Standard
TCGA-G4-6307-01	50	Standard
TCGA-G4-6323-01	50	Standard
TCGA-AA-3869-01	49	Standard
TCGA-AA-3973-01	49	Standard
TCGA-AD-6963-01	49	Standard
TCGA-AG-3591-01	49	Standard
TCGA-AG-A023-01	49	Standard
TCGA-AM-5820-01	49	Standard
TCGA-CA-5256-01	49	Standard
TCGA-DT-5265-01	49	Standard
TCGA-F4-6463-01	49	Standard
TCGA-G5-6572-01	49	Standard
TCGA-5M-AAT5-01	48	Standard
TCGA-A6-2671-01	48	Standard
TCGA-AA-3872-01	48	Standard
TCGA-AA-A024-01	48	Standard
TCGA-AH-6903-01	48	Standard
TCGA-DC-5869-01	48	Standard
TCGA-AA-3673-01	47	Standard
TCGA-AG-A025-01	47	Standard
TCGA-AZ-5403-01	47	Standard
TCGA-G4-6321-01	47	Standard
TCGA-AA-3667-01	46	Standard
TCGA-AG-A00H-01	46	Standard
TCGA-AZ-4308-01	46	Standard
TCGA-AZ-4684-01	46	Standard
TCGA-F4-6704-01	46	Standard
TCGA-5M-AATA-01	45	Standard
TCGA-AA-3692-01	45	Standard
TCGA-AG-3732-01	45	Standard
TCGA-DC-6681-01	45	Standard
TCGA-DM-A288-01	45	Standard
TCGA-F4-6805-01	45	Standard
TCGA-F5-6571-01	45	Standard
TCGA-F5-6863-01	45	Standard
TCGA-AA-3679-01	44	Standard
TCGA-AA-A01X-01	44	Standard
TCGA-AG-A032-01	44	Standard
TCGA-CA-5797-01	44	Standard
TCGA-CM-6679-01	44	Standard
TCGA-CA-5796-01	43	Standard
TCGA-A6-5667-01	42	Standard
TCGA-DC-6683-01	42	Standard
TCGA-DM-A1DB-01	42	Standard
TCGA-A6-5662-01	41	Standard
TCGA-AA-3856-01	41	Standard
TCGA-CM-4748-01	41	Standard
TCGA-EF-5830-01	41	Standard
TCGA-EI-6509-01	41	Standard
TCGA-AG-3901-01	40	Standard
TCGA-CM-5344-01	40	Standard
TCGA-AG-A01L-01	39	Standard
TCGA-CI-6619-01	39	Standard
TCGA-CK-5912-01	39	Standard
TCGA-A6-A567-01	38	Standard
TCGA-D5-5541-01	38	Standard
TCGA-DC-6155-01	38	Standard
TCGA-AA-3858-01	37	Standard
TCGA-AA-A01S-01	37	Standard
TCGA-CM-5863-01	37	Standard
TCGA-F5-6702-01	37	Standard
TCGA-A6-2685-01	36	Standard
TCGA-AA-A02F-01	36	Standard
TCGA-CK-6748-01	36	Standard
TCGA-AA-A017-01	34	Standard
TCGA-CI-6620-01	34	Standard
TCGA-A6-5664-01	33	Standard
TCGA-AA-3860-01	33	Standard
TCGA-AG-A02G-01	32	Standard
TCGA-CA-5255-01	32	Standard
TCGA-AZ-4323-01	28	Standard
TCGA-G5-6572-02	27	Standard
TCGA-AF-2691-01	26	Standard
TCGA-A6-2683-01	25	Standard
TCGA-AA-3514-01	23	Standard
TCGA-AF-2689-01	22	Standard
TCGA-A6-2678-01	21	Standard
TCGA-AA-3526-01	19	Standard
TCGA-AG-3598-01	18	Standard
TCGA-AA-3519-01	17	Standard
TCGA-AA-3522-01	17	Standard
TCGA-AA-3534-01	17	Standard
TCGA-AA-3520-01	15	Standard
TCGA-AA-3544-01	15	Standard
TCGA-AA-3549-01	14	Standard
TCGA-AA-3561-01	14	Standard
TCGA-AG-3584-01	14	Standard
TCGA-AA-3532-01	13	Standard
TCGA-AA-3548-01	13	Standard
TCGA-AA-3556-01	13	Standard
TCGA-AA-3560-01	13	Standard
TCGA-AG-3575-01	13	Standard
TCGA-AG-3583-01	13	Standard
TCGA-AG-3599-01	13	Standard
TCGA-AA-3524-01	12	Standard
TCGA-AF-3400-01	12	Standard
TCGA-AA-3538-01	11	Standard
TCGA-AG-3580-01	11	Standard
TCGA-AA-3521-01	10	Standard
TCGA-AA-3531-01	10	Standard
TCGA-AG-3602-01	10	Standard
TCGA-AA-A00Z-01	9	Standard
TCGA-AG-3581-01	9	Standard
TCGA-AG-3594-01	9	Standard
TCGA-AA-3529-01	8	Standard
TCGA-AF-2692-01	8	Standard
TCGA-AA-3517-01	7	Standard
TCGA-AG-3574-01	7	Standard
TCGA-AG-3605-01	6	Standard
TCGA-AH-6547-01	2	Standard
