# Locus-level co-mutation. Level = (gene, protein change). ALL 586 samples; NO hypermutator filtering. Loci with recurrence >= 3. Hyper columns are report-only (burden >= 200 SNVs).
GeneA	LocusA	recA	GeneB	LocusB	recB	nBoth	nBoth_hyper	nBoth_nonhyper	PctHyper	Expected	OddsRatio	p_cooccur	FDR_cooccur	p_exclusive	FDR_exclusive	SameGene	Relationship
TP53	p.R175H	39	KRAS	p.G12V	56	10	0	10	0	3.727	3.839	0.002034	0.6043	0.9995	1	False	n.s.
PIK3CA	p.H1047R	20	BRAF	p.V640E	51	9	9	0	100	1.741	10.2	1.145e-05	0.02382	1	1	False	Co-occurring
KRAS	p.G13D	40	PIK3CA	p.E545K	38	8	1	7	12.5	2.594	4.429	0.002471	0.6424	0.9995	1	False	n.s.
KRAS	p.G12V	56	PIK3CA	p.E545K	38	6	0	6	0	3.631	1.974	0.1434	1	0.9406	1	False	n.s.
KRAS	p.G12D	65	PIK3CA	p.E545K	38	6	1	5	16.7	4.215	1.645	0.2361	1	0.8854	1	False	n.s.
TP53	p.R282W	20	KRAS	p.G12V	56	4	0	4	0	1.911	2.673	0.1139	1	0.9662	1	False	n.s.
TP53	p.R175H	39	KRAS	p.G12D	65	4	1	3	25	4.326	1.003	0.6493	1	0.5603	1	False	n.s.
PIK3CA	p.R88Q	15	PTEN	p.R130Q	5	3	3	0	100	0.128	63.78	0.0001322	0.05499	1	1	False	n.s.
PIK3CA	p.E545K	38	PCBP1	p.L100Q	11	3	0	3	0	0.713	6.269	0.02893	1	0.9964	1	False	n.s.
FBXW7	p.R465C	9	BRAF	p.V640E	51	3	3	0	100	0.783	5.879	0.03588	1	0.9954	1	False	n.s.
TP53	p.R175H	39	PIK3CA	p.E542K	13	3	0	3	0	0.865	4.909	0.04897	1	0.9922	1	False	n.s.
KRAS	p.G13D	40	PIK3CA	p.E542K	13	3	1	2	33.3	0.887	4.769	0.05225	1	0.9915	1	False	n.s.
KRAS	p.G12D	65	PCBP1	p.L100Q	11	3	0	3	0	1.22	3.383	0.1124	1	0.975	1	False	n.s.
KRAS	p.G12D	65	FBXW7	p.R465H	12	3	0	3	0	1.331	3.021	0.1383	1	0.9656	1	False	n.s.
KRAS	p.G12D	65	PIK3CA	p.E542K	13	3	0	3	0	1.442	2.728	0.1662	1	0.9543	1	False	n.s.
TP53	p.R273H	18	BRAF	p.V640E	51	3	1	2	33.3	1.567	2.423	0.2005	1	0.9376	1	False	n.s.
TP53	p.R273H	18	KRAS	p.G12V	56	3	0	3	0	1.72	2.176	0.2424	1	0.917	1	False	n.s.
KRAS	p.G12V	56	PIK3CA	p.H1047R	20	3	0	3	0	1.911	1.92	0.2969	1	0.8861	1	False	n.s.
KRAS	p.G12D	65	PIK3CA	p.H1047R	20	3	1	2	33.3	2.218	1.614	0.386	1	0.8285	1	False	n.s.
TP53	p.R175H	39	KRAS	p.G13D	40	3	0	3	0	2.662	1.305	0.5081	1	0.7285	1	False	n.s.
PIK3CA	p.E970K	3	FBXW7	p.R14Q	3	2	2	0	100	0.015	647.2	5.245e-05	0.05448	1	1	False	n.s.
PIK3CA	p.H1047Y	4	PIK3CA	p.V344G	3	2	0	2	0	0.02	387.7	0.0001048	0.05448	1	1	True	n.s.
PIK3CA	p.R357Q	3	POLE	p.V411L	4	2	2	0	100	0.02	387.7	0.0001048	0.05448	1	1	False	n.s.
PTEN	p.R130Q	5	POLE	p.V411L	4	2	2	0	100	0.034	165.6	0.0003477	0.1205	1	1	False	n.s.
PIK3CA	p.R88Q	15	POLE	p.V411L	4	2	2	0	100	0.102	42.19	0.003567	0.8244	0.9999	1	False	n.s.
TP53	p.R175H	39	NRAS	p.G13R	3	2	0	2	0	0.2	24.29	0.01242	1	0.9997	1	False	n.s.
KRAS	p.K117N	6	PIK3CA	p.R88Q	15	2	2	0	100	0.154	23.35	0.008656	1	0.9997	1	False	n.s.
KRAS	p.A146T	17	ERBB3	p.V104M	6	2	2	0	100	0.174	20.27	0.01111	1	0.9996	1	False	n.s.
TP53	p.R273H	18	FBXW7	p.S582L	6	2	0	2	0	0.184	19.01	0.01244	1	0.9995	1	False	n.s.
TP53	p.R248W	14	NRAS	p.G12D	8	2	0	2	0	0.191	17.43	0.01369	1	0.9994	1	False	n.s.
KRAS	p.G13D	40	CTNNB1	p.T41A	4	2	2	0	100	0.273	14.14	0.02499	1	0.9989	1	False	n.s.
KRAS	p.G12D	65	PIK3CA	p.Q546K	3	2	0	2	0	0.333	13.66	0.03379	1	0.9987	1	False	n.s.
KRAS	p.G12D	65	PIK3CA	p.V344G	3	2	0	2	0	0.333	13.66	0.03379	1	0.9987	1	False	n.s.
KRAS	p.G12D	65	PCBP1	p.L102P	3	2	0	2	0	0.333	13.66	0.03379	1	0.9987	1	False	n.s.
KRAS	p.G12V	56	PIK3CA	p.M1043I	4	2	0	2	0	0.382	9.697	0.04749	1	0.9969	1	False	n.s.
KRAS	p.G12D	65	PIK3CA	p.C420R	4	2	0	2	0	0.444	8.181	0.06275	1	0.9952	1	False	n.s.
KRAS	p.G12D	65	PIK3CA	p.E726K	4	2	0	2	0	0.444	8.181	0.06275	1	0.9952	1	False	n.s.
KRAS	p.G12D	65	PIK3CA	p.H1047Y	4	2	0	2	0	0.444	8.181	0.06275	1	0.9952	1	False	n.s.
TP53	p.R248W	14	KRAS	p.G12C	17	2	0	2	0	0.406	7.194	0.05875	1	0.9939	1	False	n.s.
PIK3CA	p.E545K	38	FBXW7	p.R465C	9	2	1	1	50	0.584	4.945	0.1105	1	0.9839	1	False	n.s.
KRAS	p.G12D	65	FBXW7	p.S582L	6	2	0	2	0	0.666	4.528	0.1356	1	0.9796	1	False	n.s.
KRAS	p.G12D	65	ERBB3	p.V104M	6	2	1	1	50	0.666	4.528	0.1356	1	0.9796	1	False	n.s.
TP53	p.G245S	7	KRAS	p.G12D	65	2	1	1	50	0.776	3.697	0.1766	1	0.9671	1	False	n.s.
KRAS	p.G12D	65	FBXW7	p.R465C	9	2	1	1	50	0.998	2.701	0.2628	1	0.9328	1	False	n.s.
KRAS	p.G12V	56	SMAD4	p.R361H	11	2	0	2	0	1.051	2.518	0.2836	1	0.9215	1	False	n.s.
KRAS	p.G12V	56	PCBP1	p.L100Q	11	2	0	2	0	1.051	2.518	0.2836	1	0.9215	1	False	n.s.
TP53	p.R273C	13	BRAF	p.V640E	51	2	2	0	100	1.131	2.303	0.3146	1	0.9047	1	False	n.s.
TP53	p.R273H	18	KRAS	p.G13D	40	2	0	2	0	1.229	2.088	0.3515	1	0.8824	1	False	n.s.
KRAS	p.G12V	56	PIK3CA	p.E542K	13	2	0	2	0	1.242	2.072	0.3575	1	0.8813	1	False	n.s.
KRAS	p.G12V	56	PIK3CA	p.R88Q	15	2	0	2	0	1.433	1.758	0.4286	1	0.8349	1	False	n.s.
TP53	p.R273C	13	KRAS	p.G12D	65	2	1	1	50	1.442	1.748	0.4327	1	0.8338	1	False	n.s.
KRAS	p.G12V	56	KRAS	p.G12C	17	2	0	2	0	1.625	1.526	0.4956	1	0.7842	1	True	n.s.
KRAS	p.G12D	65	PIK3CA	p.R88Q	15	2	1	1	50	1.664	1.483	0.5102	1	0.7741	1	False	n.s.
TP53	p.R273H	18	KRAS	p.G12D	65	2	0	2	0	1.997	1.206	0.6129	1	0.6785	1	False	n.s.
TP53	p.R282W	20	KRAS	p.G12D	65	2	0	2	0	2.218	1.072	0.672	1	0.614	1	False	n.s.
TP53	p.R175H	39	PIK3CA	p.E545K	38	2	0	2	0	2.529	0.934	0.7392	1	0.5277	1	False	n.s.
TP53	p.R175C	3	FBXW7	p.R689W	3	1	0	1	0	0.015	139.6	0.01531	1	0.9999	1	False	n.s.
PIK3CA	p.E970K	3	PIK3CA	p.R357Q	3	1	1	0	100	0.015	139.6	0.01531	1	0.9999	1	True	n.s.
PIK3CA	p.R357Q	3	PIK3CA	p.Y1021C	3	1	1	0	100	0.015	139.6	0.01531	1	0.9999	1	True	n.s.
PIK3CA	p.R357Q	3	FBXW7	p.R14Q	3	1	1	0	100	0.015	139.6	0.01531	1	0.9999	1	False	n.s.
FBXW7	p.R14Q	3	NRAS	p.Q61R	3	1	1	0	100	0.015	139.6	0.01531	1	0.9999	1	False	n.s.
FBXW7	p.R689W	3	PCBP1	p.L102P	3	1	0	1	0	0.015	139.6	0.01531	1	0.9999	1	False	n.s.
SMAD4	p.D537H	3	MAP2K4	p.R134W	3	1	0	1	0	0.015	139.6	0.01531	1	0.9999	1	False	n.s.
NRAS	p.G12C	3	SMAD2	p.R321Q	3	1	0	1	0	0.015	139.6	0.01531	1	0.9999	1	False	n.s.
TP53	p.A159P	3	PIK3CA	p.M1043I	4	1	0	1	0	0.02	99.51	0.02037	1	0.9999	1	False	n.s.
KRAS	p.Q61H	4	PIK3CA	p.Q546R	3	1	0	1	0	0.02	99.51	0.02037	1	0.9999	1	False	n.s.
PIK3CA	p.H1047Y	4	PIK3CA	p.R357Q	3	1	0	1	0	0.02	99.51	0.02037	1	0.9999	1	True	n.s.
PIK3CA	p.E970K	3	POLE	p.V411L	4	1	1	0	100	0.02	99.51	0.02037	1	0.9999	1	False	n.s.
PIK3CA	p.Y1021C	3	POLE	p.V411L	4	1	1	0	100	0.02	99.51	0.02037	1	0.9999	1	False	n.s.
FBXW7	p.R14Q	3	POLE	p.V411L	4	1	1	0	100	0.02	99.51	0.02037	1	0.9999	1	False	n.s.
POLE	p.V411L	4	MAP2K4	p.R134W	3	1	1	0	100	0.02	99.51	0.02037	1	0.9999	1	False	n.s.
TP53	p.R175C	3	PTEN	p.R130Q	5	1	1	0	100	0.026	77.27	0.02542	1	0.9998	1	False	n.s.
PTEN	p.R130Q	5	MAP2K4	p.R134W	3	1	1	0	100	0.026	77.27	0.02542	1	0.9998	1	False	n.s.
PIK3CA	p.E726K	4	SMAD4	p.R361C	4	1	0	1	0	0.027	70.96	0.02709	1	0.9998	1	False	n.s.
PIK3CA	p.Q546R	3	FBXW7	p.S582L	6	1	0	1	0	0.031	63.11	0.03045	1	0.9997	1	False	n.s.
PIK3CA	p.Y1021C	3	ERBB3	p.V104M	6	1	1	0	100	0.031	63.11	0.03045	1	0.9997	1	False	n.s.
FBXW7	p.S582L	6	FBXW7	p.R14Q	3	1	1	0	100	0.031	63.11	0.03045	1	0.9997	1	True	n.s.
FBXW7	p.S582L	6	FBXW7	p.R689W	3	1	0	1	0	0.031	63.11	0.03045	1	0.9997	1	True	n.s.
FBXW7	p.S582L	6	NRAS	p.Q61R	3	1	1	0	100	0.031	63.11	0.03045	1	0.9997	1	False	n.s.
FBXW7	p.S582L	6	PCBP1	p.L102P	3	1	0	1	0	0.031	63.11	0.03045	1	0.9997	1	False	n.s.
PIK3CA	p.M1043I	4	TCF7L2	p.R488C	5	1	1	0	100	0.034	55.09	0.03378	1	0.9997	1	False	n.s.
PIK3CA	p.M1043I	4	PTEN	p.R130Q	5	1	1	0	100	0.034	55.09	0.03378	1	0.9997	1	False	n.s.
TP53	p.G245S	7	TP53	p.R158H	3	1	1	0	100	0.036	53.31	0.03547	1	0.9996	1	True	n.s.
KRAS	p.K117N	6	PIK3CA	p.M1043I	4	1	1	0	100	0.041	45	0.04043	1	0.9995	1	False	n.s.
KRAS	p.Q61H	4	FBXW7	p.S582L	6	1	0	1	0	0.041	45	0.04043	1	0.9995	1	False	n.s.
TCF7L2	p.R488C	5	PTEN	p.R130Q	5	1	1	0	100	0.043	42.78	0.04208	1	0.9994	1	False	n.s.
TP53	p.A159P	3	NRAS	p.Q61K	10	1	0	1	0	0.051	36.28	0.05041	1	0.9992	1	False	n.s.
NRAS	p.Q61K	10	PCBP1	p.L102Q	3	1	0	1	0	0.051	36.28	0.05041	1	0.9992	1	False	n.s.
KRAS	p.K117N	6	TCF7L2	p.R488C	5	1	1	0	100	0.051	34.94	0.05033	1	0.9991	1	False	n.s.
KRAS	p.K117N	6	PTEN	p.R130Q	5	1	1	0	100	0.051	34.94	0.05033	1	0.9991	1	False	n.s.
KRAS	p.G12A	11	PIK3CA	p.Q546R	3	1	0	1	0	0.056	32.77	0.05536	1	0.999	1	False	n.s.
PIK3CA	p.E970K	3	SMAD4	p.R361H	11	1	1	0	100	0.056	32.77	0.05536	1	0.999	1	False	n.s.
PIK3CA	p.Q546K	3	PCBP1	p.L100Q	11	1	0	1	0	0.056	32.77	0.05536	1	0.999	1	False	n.s.
PIK3CA	p.Y1021C	3	SMAD4	p.R361H	11	1	1	0	100	0.056	32.77	0.05536	1	0.999	1	False	n.s.
FBXW7	p.R14Q	3	SMAD4	p.R361H	11	1	1	0	100	0.056	32.77	0.05536	1	0.999	1	False	n.s.
SMAD4	p.R361H	11	SMAD4	p.D537H	3	1	0	1	0	0.056	32.77	0.05536	1	0.999	1	True	n.s.
SMAD4	p.R361H	11	MAP2K4	p.R134W	3	1	0	1	0	0.056	32.77	0.05536	1	0.999	1	False	n.s.
KRAS	p.G12S	12	PCBP1	p.L102P	3	1	0	1	0	0.061	29.87	0.06028	1	0.9989	1	False	n.s.
KRAS	p.G13C	3	FBXW7	p.R465H	12	1	0	1	0	0.061	29.87	0.06028	1	0.9989	1	False	n.s.
PIK3CA	p.V344G	3	FBXW7	p.R465H	12	1	0	1	0	0.061	29.87	0.06028	1	0.9989	1	False	n.s.
FBXW7	p.R465C	9	ERBB2	p.V842I	4	1	0	1	0	0.061	28.97	0.06018	1	0.9988	1	False	n.s.
TP53	p.R273C	13	FBXW7	p.R689W	3	1	0	1	0	0.067	27.43	0.0652	1	0.9987	1	False	n.s.
TP53	p.R273C	13	PCBP1	p.L102P	3	1	0	1	0	0.067	27.43	0.0652	1	0.9987	1	False	n.s.
PIK3CA	p.E542K	13	SMAD4	p.D537H	3	1	0	1	0	0.067	27.43	0.0652	1	0.9987	1	False	n.s.
PIK3CA	p.E542K	13	PCBP1	p.L102P	3	1	0	1	0	0.067	27.43	0.0652	1	0.9987	1	False	n.s.
PIK3CA	p.E542K	13	MAP2K4	p.R134W	3	1	0	1	0	0.067	27.43	0.0652	1	0.9987	1	False	n.s.
TP53	p.R248W	14	PCBP1	p.L102Q	3	1	0	1	0	0.072	25.36	0.07009	1	0.9984	1	False	n.s.
PIK3CA	p.R88Q	15	PIK3CA	p.E970K	3	1	1	0	100	0.077	23.57	0.07497	1	0.9982	1	True	n.s.
PIK3CA	p.R88Q	15	FBXW7	p.R14Q	3	1	1	0	100	0.077	23.57	0.07497	1	0.9982	1	False	n.s.
PIK3CA	p.R88Q	15	MAP2K4	p.R134W	3	1	1	0	100	0.077	23.57	0.07497	1	0.9982	1	False	n.s.
KRAS	p.G12A	11	PIK3CA	p.C420R	4	1	0	1	0	0.075	23.37	0.07318	1	0.9981	1	False	n.s.
KRAS	p.G12A	11	PIK3CA	p.E726K	4	1	0	1	0	0.075	23.37	0.07318	1	0.9981	1	False	n.s.
KRAS	p.G12A	11	SMAD4	p.R361C	4	1	0	1	0	0.075	23.37	0.07318	1	0.9981	1	False	n.s.
KRAS	p.Q61K	4	SMAD4	p.R361H	11	1	0	1	0	0.075	23.37	0.07318	1	0.9981	1	False	n.s.
PIK3CA	p.C420R	4	PCBP1	p.L100Q	11	1	0	1	0	0.075	23.37	0.07318	1	0.9981	1	False	n.s.
SMAD4	p.R361H	11	ERBB2	p.V842I	4	1	0	1	0	0.075	23.37	0.07318	1	0.9981	1	False	n.s.
KRAS	p.G12S	12	PIK3CA	p.C420R	4	1	0	1	0	0.082	21.3	0.07963	1	0.9977	1	False	n.s.
KRAS	p.Q61H	4	FBXW7	p.R465H	12	1	0	1	0	0.082	21.3	0.07963	1	0.9977	1	False	n.s.
PIK3CA	p.H1047Y	4	FBXW7	p.R465H	12	1	0	1	0	0.082	21.3	0.07963	1	0.9977	1	False	n.s.
TP53	p.R248Q	17	TP53	p.R158H	3	1	0	1	0	0.087	20.64	0.08467	1	0.9977	1	True	n.s.
TP53	p.R248Q	17	SMAD4	p.D537H	3	1	0	1	0	0.087	20.64	0.08467	1	0.9977	1	False	n.s.
TP53	p.R248Q	17	TCF7L2	p.R420W	3	1	0	1	0	0.087	20.64	0.08467	1	0.9977	1	False	n.s.
KRAS	p.A146T	17	PIK3CA	p.V344G	3	1	0	1	0	0.087	20.64	0.08467	1	0.9977	1	False	n.s.
KRAS	p.A146T	17	PIK3CA	p.Y1021C	3	1	1	0	100	0.087	20.64	0.08467	1	0.9977	1	False	n.s.
KRAS	p.A146T	17	CTNNB1	p.S45F	3	1	1	0	100	0.087	20.64	0.08467	1	0.9977	1	False	n.s.
KRAS	p.A146T	17	PCBP1	p.L102Q	3	1	0	1	0	0.087	20.64	0.08467	1	0.9977	1	False	n.s.
KRAS	p.G12C	17	TCF7L2	p.R420W	3	1	0	1	0	0.087	20.64	0.08467	1	0.9977	1	False	n.s.
TP53	p.R273C	13	ERBB2	p.V842I	4	1	0	1	0	0.089	19.56	0.08604	1	0.9973	1	False	n.s.
PIK3CA	p.E542K	13	CTNNB1	p.T41A	4	1	1	0	100	0.089	19.56	0.08604	1	0.9973	1	False	n.s.
TP53	p.R273H	18	PIK3CA	p.Q546R	3	1	0	1	0	0.092	19.42	0.0895	1	0.9974	1	False	n.s.
TP53	p.R273H	18	NRAS	p.G12C	3	1	0	1	0	0.092	19.42	0.0895	1	0.9974	1	False	n.s.
TP53	p.R273H	18	CTNNB1	p.S45F	3	1	0	1	0	0.092	19.42	0.0895	1	0.9974	1	False	n.s.
FBXW7	p.R465C	9	ERBB3	p.V104M	6	1	1	0	100	0.092	18.37	0.08905	1	0.9969	1	False	n.s.
TP53	p.R248W	14	SMAD4	p.R361C	4	1	0	1	0	0.096	18.08	0.09242	1	0.9969	1	False	n.s.
TP53	p.G245S	7	NRAS	p.G12D	8	1	0	1	0	0.096	17.61	0.09219	1	0.9967	1	False	n.s.
TP53	p.R282W	20	SMAD4	p.D537H	3	1	0	1	0	0.102	17.37	0.0991	1	0.9967	1	False	n.s.
TP53	p.R282W	20	MAP2K4	p.R134W	3	1	0	1	0	0.102	17.37	0.0991	1	0.9967	1	False	n.s.
TP53	p.R158H	3	PIK3CA	p.H1047R	20	1	1	0	100	0.102	17.37	0.0991	1	0.9967	1	False	n.s.
PIK3CA	p.H1047R	20	CTNNB1	p.S45F	3	1	1	0	100	0.102	17.37	0.0991	1	0.9967	1	False	n.s.
KRAS	p.Q61H	4	PIK3CA	p.R88Q	15	1	0	1	0	0.102	16.8	0.09877	1	0.9964	1	False	n.s.
PIK3CA	p.R88Q	15	PIK3CA	p.M1043I	4	1	1	0	100	0.102	16.8	0.09877	1	0.9964	1	True	n.s.
PIK3CA	p.R88Q	15	SMAD4	p.R361C	4	1	1	0	100	0.102	16.8	0.09877	1	0.9964	1	False	n.s.
PIK3CA	p.R88Q	15	CTNNB1	p.T41A	4	1	1	0	100	0.102	16.8	0.09877	1	0.9964	1	False	n.s.
NRAS	p.Q61K	10	ERBB3	p.V104M	6	1	0	1	0	0.102	16.41	0.09852	1	0.9962	1	False	n.s.
TP53	p.G245S	7	FBXW7	p.R465C	9	1	0	1	0	0.108	15.52	0.1032	1	0.9958	1	False	n.s.
KRAS	p.G12A	11	FBXW7	p.S582L	6	1	0	1	0	0.113	14.82	0.1079	1	0.9954	1	False	n.s.
TP53	p.R248Q	17	PIK3CA	p.H1047Y	4	1	1	0	100	0.116	14.71	0.1114	1	0.9954	1	False	n.s.
KRAS	p.A146T	17	PIK3CA	p.E726K	4	1	1	0	100	0.116	14.71	0.1114	1	0.9954	1	False	n.s.
KRAS	p.A146T	17	PIK3CA	p.H1047Y	4	1	1	0	100	0.116	14.71	0.1114	1	0.9954	1	False	n.s.
KRAS	p.A146T	17	POLE	p.V411L	4	1	1	0	100	0.116	14.71	0.1114	1	0.9954	1	False	n.s.
TP53	p.R273H	18	KRAS	p.Q61H	4	1	0	1	0	0.123	13.85	0.1176	1	0.9948	1	False	n.s.
TP53	p.R273H	18	ERBB2	p.V842I	4	1	0	1	0	0.123	13.85	0.1176	1	0.9948	1	False	n.s.
FBXW7	p.R465C	9	NRAS	p.G12D	8	1	0	1	0	0.123	13.42	0.1171	1	0.9944	1	False	n.s.
PIK3CA	p.R88Q	15	TCF7L2	p.R488C	5	1	1	0	100	0.128	13.05	0.122	1	0.9941	1	False	n.s.
TP53	p.R273C	13	FBXW7	p.S582L	6	1	0	1	0	0.133	12.4	0.1264	1	0.9935	1	False	n.s.
KRAS	p.K117N	6	PIK3CA	p.E542K	13	1	0	1	0	0.133	12.4	0.1264	1	0.9935	1	False	n.s.
PIK3CA	p.H1047R	20	PIK3CA	p.E726K	4	1	0	1	0	0.137	12.38	0.13	1	0.9936	1	True	n.s.
PIK3CA	p.H1047R	20	SMAD4	p.R361C	4	1	0	1	0	0.137	12.38	0.13	1	0.9936	1	False	n.s.
KRAS	p.A146T	17	PTEN	p.R130Q	5	1	1	0	100	0.145	11.42	0.1373	1	0.9925	1	False	n.s.
NRAS	p.G12D	8	PCBP1	p.L100Q	11	1	0	1	0	0.15	10.83	0.1415	1	0.9916	1	False	n.s.
TP53	p.R248Q	17	ERBB3	p.V104M	6	1	1	0	100	0.174	9.331	0.1626	1	0.9889	1	False	n.s.
TP53	p.R273H	18	ERBB3	p.V104M	6	1	0	1	0	0.184	8.782	0.1714	1	0.9876	1	False	n.s.
PIK3CA	p.E545K	38	PIK3CA	p.E970K	3	1	0	1	0	0.195	8.744	0.1825	1	0.9882	1	True	n.s.
PIK3CA	p.E545K	38	FBXW7	p.R689W	3	1	0	1	0	0.195	8.744	0.1825	1	0.9882	1	False	n.s.
PIK3CA	p.E545K	38	NRAS	p.Q61R	3	1	0	1	0	0.195	8.744	0.1825	1	0.9882	1	False	n.s.
NRAS	p.Q61K	10	PCBP1	p.L100Q	11	1	0	1	0	0.188	8.519	0.1739	1	0.9867	1	False	n.s.
TP53	p.R175H	39	KRAS	p.G13C	3	1	0	1	0	0.2	8.501	0.187	1	0.9876	1	False	n.s.
TP53	p.R175H	39	SMAD4	p.D537H	3	1	0	1	0	0.2	8.501	0.187	1	0.9876	1	False	n.s.
TP53	p.R175H	39	PCBP1	p.L102P	3	1	0	1	0	0.2	8.501	0.187	1	0.9876	1	False	n.s.
KRAS	p.G13D	40	PIK3CA	p.E970K	3	1	0	1	0	0.205	8.271	0.1914	1	0.9869	1	False	n.s.
KRAS	p.G13D	40	PIK3CA	p.R357Q	3	1	1	0	100	0.205	8.271	0.1914	1	0.9869	1	False	n.s.
KRAS	p.G13D	40	PIK3CA	p.Y1021C	3	1	1	0	100	0.205	8.271	0.1914	1	0.9869	1	False	n.s.
KRAS	p.G13D	40	MAP2K4	p.R134W	3	1	0	1	0	0.205	8.271	0.1914	1	0.9869	1	False	n.s.
KRAS	p.G12A	11	PCBP1	p.L100Q	11	1	0	1	0	0.206	7.694	0.1896	1	0.9839	1	False	n.s.
KRAS	p.G12S	12	PCBP1	p.L100Q	11	1	0	1	0	0.225	7.012	0.2051	1	0.9809	1	False	n.s.
KRAS	p.G12A	11	FBXW7	p.R465H	12	1	0	1	0	0.225	7.012	0.2051	1	0.9809	1	False	n.s.
PIK3CA	p.R88Q	15	FBXW7	p.R465C	9	1	0	1	0	0.23	6.858	0.2094	1	0.9801	1	False	n.s.
TP53	p.G245S	7	PIK3CA	p.H1047R	20	1	1	0	100	0.239	6.633	0.2168	1	0.979	1	False	n.s.
TP53	p.R248W	14	NRAS	p.Q61K	10	1	0	1	0	0.239	6.591	0.2163	1	0.9786	1	False	n.s.
TP53	p.R273C	13	KRAS	p.G12A	11	1	0	1	0	0.244	6.44	0.2204	1	0.9777	1	False	n.s.
TP53	p.R273C	13	SMAD4	p.R361H	11	1	0	1	0	0.244	6.44	0.2204	1	0.9777	1	False	n.s.
PIK3CA	p.E542K	13	SMAD4	p.R361H	11	1	0	1	0	0.244	6.44	0.2204	1	0.9777	1	False	n.s.
TP53	p.R158H	3	BRAF	p.V640E	51	1	1	0	100	0.261	6.339	0.2394	1	0.9789	1	False	n.s.
PIK3CA	p.Y1021C	3	BRAF	p.V640E	51	1	1	0	100	0.261	6.339	0.2394	1	0.9789	1	False	n.s.
PIK3CA	p.E545K	38	SMAD4	p.R361C	4	1	0	1	0	0.259	6.234	0.2358	1	0.9774	1	False	n.s.
TP53	p.R175H	39	PIK3CA	p.M1043I	4	1	0	1	0	0.266	6.061	0.2414	1	0.9762	1	False	n.s.
TP53	p.R175H	39	SMAD4	p.R361C	4	1	0	1	0	0.266	6.061	0.2414	1	0.9762	1	False	n.s.
KRAS	p.A146T	17	FBXW7	p.R465C	9	1	1	0	100	0.261	6.005	0.2342	1	0.9747	1	False	n.s.
KRAS	p.G13D	40	SMAD4	p.R361C	4	1	0	1	0	0.273	5.897	0.2469	1	0.975	1	False	n.s.
KRAS	p.G13D	40	ERBB2	p.V842I	4	1	0	1	0	0.273	5.897	0.2469	1	0.975	1	False	n.s.
KRAS	p.G13D	40	POLE	p.V411L	4	1	1	0	100	0.273	5.897	0.2469	1	0.975	1	False	n.s.
TP53	p.R273C	13	FBXW7	p.R465H	12	1	1	0	100	0.266	5.87	0.238	1	0.9735	1	False	n.s.
TP53	p.A159P	3	KRAS	p.G12V	56	1	0	1	0	0.287	5.714	0.2606	1	0.9747	1	False	n.s.
TP53	p.I195T	3	KRAS	p.G12V	56	1	0	1	0	0.287	5.714	0.2606	1	0.9747	1	False	n.s.
KRAS	p.G12V	56	PIK3CA	p.Q546K	3	1	0	1	0	0.287	5.714	0.2606	1	0.9747	1	False	n.s.
KRAS	p.G12V	56	SMAD2	p.R321Q	3	1	0	1	0	0.287	5.714	0.2606	1	0.9747	1	False	n.s.
KRAS	p.G12V	56	PCBP1	p.L102Q	3	1	0	1	0	0.287	5.714	0.2606	1	0.9747	1	False	n.s.
PIK3CA	p.R88Q	15	SMAD4	p.R361H	11	1	1	0	100	0.282	5.532	0.25	1	0.9705	1	False	n.s.
TP53	p.R248Q	17	NRAS	p.Q61K	10	1	0	1	0	0.29	5.364	0.2567	1	0.9689	1	False	n.s.
PIK3CA	p.H1047R	20	FBXW7	p.R465C	9	1	1	0	100	0.307	5.054	0.27	1	0.9655	1	False	n.s.
KRAS	p.G12D	65	FBXW7	p.R689W	3	1	0	1	0	0.333	4.833	0.2977	1	0.9662	1	False	n.s.
KRAS	p.G12D	65	CTNNB1	p.S45F	3	1	0	1	0	0.333	4.833	0.2977	1	0.9662	1	False	n.s.
TP53	p.R273H	18	KRAS	p.G12A	11	1	0	1	0	0.338	4.559	0.2926	1	0.9584	1	False	n.s.
TP53	p.R273H	18	SMAD4	p.R361H	11	1	0	1	0	0.338	4.559	0.2926	1	0.9584	1	False	n.s.
PIK3CA	p.M1043I	4	BRAF	p.V640E	51	1	1	0	100	0.348	4.519	0.3059	1	0.9602	1	False	n.s.
SMAD4	p.R361C	4	BRAF	p.V640E	51	1	1	0	100	0.348	4.519	0.3059	1	0.9602	1	False	n.s.
KRAS	p.A146T	17	FBXW7	p.R465H	12	1	0	1	0	0.348	4.415	0.3	1	0.9559	1	False	n.s.
TP53	p.R282W	20	SMAD4	p.R361H	11	1	0	1	0	0.375	4.077	0.3198	1	0.9494	1	False	n.s.
KRAS	p.G12A	11	PIK3CA	p.H1047R	20	1	0	1	0	0.375	4.077	0.3198	1	0.9494	1	False	n.s.
TP53	p.R248W	14	KRAS	p.A146T	17	1	0	1	0	0.406	3.747	0.3409	1	0.9412	1	False	n.s.
TP53	p.R282W	20	KRAS	p.G12S	12	1	0	1	0	0.41	3.716	0.3434	1	0.9405	1	False	n.s.
TP53	p.R282W	20	FBXW7	p.R465H	12	1	0	1	0	0.41	3.716	0.3434	1	0.9405	1	False	n.s.
PIK3CA	p.H1047R	20	FBXW7	p.R465H	12	1	1	0	100	0.41	3.716	0.3434	1	0.9405	1	False	n.s.
KRAS	p.A146T	17	PIK3CA	p.R88Q	15	1	1	0	100	0.435	3.483	0.3605	1	0.9334	1	False	n.s.
TP53	p.C275Y	4	KRAS	p.G12D	65	1	0	1	0	0.444	3.445	0.376	1	0.9372	1	False	n.s.
KRAS	p.G12D	65	CTNNB1	p.T41A	4	1	1	0	100	0.444	3.445	0.376	1	0.9372	1	False	n.s.
KRAS	p.G12D	65	ERBB2	p.V842I	4	1	0	1	0	0.444	3.445	0.376	1	0.9372	1	False	n.s.
TP53	p.R282W	20	PIK3CA	p.E542K	13	1	0	1	0	0.444	3.412	0.3663	1	0.9311	1	False	n.s.
TP53	p.R273C	13	PIK3CA	p.H1047R	20	1	1	0	100	0.444	3.412	0.3663	1	0.9311	1	False	n.s.
TP53	p.G245S	7	PIK3CA	p.E545K	38	1	0	1	0	0.454	3.338	0.3761	1	0.93	1	False	n.s.
KRAS	p.G12V	56	TCF7L2	p.R488C	5	1	0	1	0	0.478	3.162	0.3959	1	0.9257	1	False	n.s.
TP53	p.G245S	7	KRAS	p.G13D	40	1	1	0	100	0.478	3.158	0.392	1	0.9233	1	False	n.s.
TP53	p.R248Q	17	KRAS	p.A146T	17	1	1	0	100	0.493	3.05	0.398	1	0.9166	1	False	n.s.
TP53	p.R248Q	17	KRAS	p.G12C	17	1	0	1	0	0.493	3.05	0.398	1	0.9166	1	False	n.s.
TP53	p.R282W	20	PIK3CA	p.R88Q	15	1	0	1	0	0.512	2.931	0.4098	1	0.9109	1	False	n.s.
PIK3CA	p.E545K	38	NRAS	p.G12D	8	1	0	1	0	0.519	2.888	0.4171	1	0.9105	1	False	n.s.
TP53	p.R273H	18	KRAS	p.A146T	17	1	0	1	0	0.522	2.87	0.416	1	0.9077	1	False	n.s.
TP53	p.R273H	18	KRAS	p.G12C	17	1	0	1	0	0.522	2.87	0.416	1	0.9077	1	False	n.s.
TP53	p.R175H	39	NRAS	p.G12D	8	1	0	1	0	0.532	2.808	0.4256	1	0.9063	1	False	n.s.
KRAS	p.G13D	40	NRAS	p.G12D	8	1	0	1	0	0.546	2.732	0.434	1	0.9021	1	False	n.s.
KRAS	p.G12D	65	TCF7L2	p.R488C	5	1	0	1	0	0.555	2.674	0.4457	1	0.9028	1	False	n.s.
KRAS	p.G12V	56	ERBB3	p.V104M	6	1	0	1	0	0.573	2.582	0.4541	1	0.8952	1	False	n.s.
TP53	p.R282W	20	KRAS	p.G12C	17	1	0	1	0	0.58	2.566	0.4505	1	0.8892	1	False	n.s.
KRAS	p.G12C	17	PIK3CA	p.H1047R	20	1	0	1	0	0.58	2.566	0.4505	1	0.8892	1	False	n.s.
TP53	p.G245S	7	BRAF	p.V640E	51	1	1	0	100	0.609	2.42	0.4731	1	0.8824	1	False	n.s.
PIK3CA	p.E545K	38	NRAS	p.Q61K	10	1	0	1	0	0.648	2.272	0.4913	1	0.8674	1	False	n.s.
TP53	p.R175H	39	NRAS	p.Q61K	10	1	0	1	0	0.666	2.208	0.5005	1	0.8615	1	False	n.s.
TP53	p.G245S	7	KRAS	p.G12V	56	1	0	1	0	0.669	2.181	0.5068	1	0.8621	1	False	n.s.
KRAS	p.G13D	40	SMAD4	p.R361H	11	1	0	1	0	0.751	1.94	0.5437	1	0.8308	1	False	n.s.
KRAS	p.G13D	40	PCBP1	p.L100Q	11	1	0	1	0	0.751	1.94	0.5437	1	0.8308	1	False	n.s.
PIK3CA	p.E545K	38	FBXW7	p.R465H	12	1	0	1	0	0.778	1.87	0.5562	1	0.8206	1	False	n.s.
KRAS	p.G13D	40	FBXW7	p.R465H	12	1	1	0	100	0.819	1.768	0.5755	1	0.8054	1	False	n.s.
TP53	p.R273C	13	KRAS	p.G13D	40	1	0	1	0	0.887	1.624	0.6051	1	0.7795	1	False	n.s.
TP53	p.R248W	14	KRAS	p.G13D	40	1	0	1	0	0.956	1.501	0.6326	1	0.7534	1	False	n.s.
SMAD4	p.R361H	11	BRAF	p.V640E	51	1	1	0	100	0.957	1.487	0.636	1	0.7529	1	False	n.s.
KRAS	p.G13D	40	PIK3CA	p.R88Q	15	1	1	0	100	1.024	1.395	0.6583	1	0.727	1	False	n.s.
FBXW7	p.R465H	12	BRAF	p.V640E	51	1	1	0	100	1.044	1.355	0.6683	1	0.7191	1	False	n.s.
KRAS	p.A146T	17	PIK3CA	p.E545K	38	1	0	1	0	1.102	1.291	0.6853	1	0.6968	1	False	n.s.
KRAS	p.G12C	17	PIK3CA	p.E545K	38	1	0	1	0	1.102	1.291	0.6853	1	0.6968	1	False	n.s.
KRAS	p.G12V	56	FBXW7	p.R465H	12	1	0	1	0	1.147	1.221	0.704	1	0.6793	1	False	n.s.
TP53	p.R273H	18	PIK3CA	p.E545K	38	1	0	1	0	1.167	1.215	0.7063	1	0.672	1	False	n.s.
TP53	p.R248W	14	BRAF	p.V640E	51	1	1	0	100	1.218	1.15	0.7247	1	0.6519	1	False	n.s.
TP53	p.R273C	13	KRAS	p.G12V	56	1	0	1	0	1.242	1.121	0.7329	1	0.6425	1	False	n.s.
PIK3CA	p.R88Q	15	BRAF	p.V640E	51	1	1	0	100	1.305	1.068	0.7492	1	0.619	1	False	n.s.
TP53	p.R175H	39	TP53	p.R282W	20	1	0	1	0	1.331	1.056	0.7537	1	0.6102	1	True	n.s.
TP53	p.R175H	39	PIK3CA	p.H1047R	20	1	0	1	0	1.331	1.056	0.7537	1	0.6102	1	False	n.s.
TP53	p.R282W	20	KRAS	p.G13D	40	1	0	1	0	1.365	1.027	0.7627	1	0.5976	1	False	n.s.
TP53	p.R248W	14	KRAS	p.G12D	65	1	0	1	0	1.553	0.876	0.8109	1	0.5277	1	False	n.s.
TP53	p.R248Q	17	KRAS	p.G12V	56	1	0	1	0	1.625	0.843	0.8232	1	0.5044	1	False	n.s.
TP53	p.R248Q	17	KRAS	p.G12D	65	1	1	0	100	1.886	0.712	0.8684	1	0.4195	1	False	n.s.
KRAS	p.G12D	65	KRAS	p.G13D	40	1	1	0	100	4.437	0.284	0.9924	1	0.04871	1	True	n.s.
KRAS	p.G12D	65	BRAF	p.V640E	51	1	1	0	100	5.657	0.217	0.9981	1	0.01498	1	False	n.s.
