# Locus-level co-mutation TRIPLES. ALL 586 samples; no hypermutator filtering. Loci recurrence >= 3.
GeneA	LocusA	GeneB	LocusB	GeneC	LocusC	nAll3	nAll3_hyper	Expected	Enrichment	p_cooccur
KRAS	p.G12D	PIK3CA	p.H1047Y	PIK3CA	p.V344G	2	0	0.0023	880.5	2.576e-06
PIK3CA	p.R88Q	PTEN	p.R130Q	POLE	p.V411L	2	2	0.0009	2289	3.814e-07
TP53	p.R175H	TP53	p.R282W	KRAS	p.G12V	1	0	0.1272	7.86	0.1194
TP53	p.R175H	KRAS	p.G12D	PIK3CA	p.E542K	1	0	0.096	10.42	0.09151
TP53	p.R175H	KRAS	p.G12D	PCBP1	p.L102P	1	0	0.0221	45.15	0.0219
TP53	p.R175H	KRAS	p.G12V	PIK3CA	p.E545K	1	0	0.2417	4.14	0.2147
TP53	p.R175H	KRAS	p.G12V	PIK3CA	p.E542K	1	0	0.0827	12.09	0.07935
TP53	p.R175H	KRAS	p.G12V	PIK3CA	p.M1043I	1	0	0.0254	39.31	0.02512
TP53	p.R175H	KRAS	p.G13D	PIK3CA	p.E545K	1	0	0.1726	5.79	0.1586
TP53	p.R175H	KRAS	p.G13D	PIK3CA	p.E542K	1	0	0.0591	16.93	0.05735
TP53	p.R175H	KRAS	p.G13D	SMAD4	p.R361C	1	0	0.0182	55.03	0.01801
TP53	p.R175H	KRAS	p.G13D	NRAS	p.G12D	1	0	0.0363	27.52	0.03569
TP53	p.R175H	PIK3CA	p.E545K	SMAD4	p.R361C	1	0	0.0173	57.93	0.01711
TP53	p.R175H	PIK3CA	p.E542K	PCBP1	p.L102P	1	0	0.0044	225.8	0.004419
TP53	p.R282W	KRAS	p.G12V	FBXW7	p.R465H	1	0	0.0391	25.55	0.03838
TP53	p.R282W	PIK3CA	p.E542K	SMAD4	p.R361H	1	0	0.0083	120.1	0.008294
TP53	p.R282W	PIK3CA	p.E542K	SMAD4	p.D537H	1	0	0.0023	440.2	0.002269
TP53	p.R282W	PIK3CA	p.E542K	MAP2K4	p.R134W	1	0	0.0023	440.2	0.002269
TP53	p.R282W	SMAD4	p.R361H	SMAD4	p.D537H	1	0	0.0019	520.3	0.00192
TP53	p.R282W	SMAD4	p.R361H	MAP2K4	p.R134W	1	0	0.0019	520.3	0.00192
TP53	p.R282W	SMAD4	p.D537H	MAP2K4	p.R134W	1	0	0.0005	1908	0.000524
TP53	p.R273H	KRAS	p.G12D	CTNNB1	p.S45F	1	0	0.0102	97.83	0.01017
TP53	p.R273H	KRAS	p.G12V	ERBB3	p.V104M	1	0	0.0176	56.78	0.01746
TP53	p.R273H	KRAS	p.G13D	SMAD4	p.R361H	1	0	0.0231	43.36	0.0228
TP53	p.R273H	KRAS	p.G13D	ERBB2	p.V842I	1	0	0.0084	119.2	0.008352
TP53	p.R273H	KRAS	p.A146T	PIK3CA	p.E545K	1	0	0.0339	29.53	0.03329
TP53	p.R273H	KRAS	p.G12A	FBXW7	p.S582L	1	0	0.0035	289.1	0.003454
TP53	p.R273H	KRAS	p.Q61H	PIK3CA	p.Q546R	1	0	0.0006	1590	0.0006288
TP53	p.R273H	KRAS	p.Q61H	FBXW7	p.S582L	1	0	0.0013	794.9	0.001257
TP53	p.R273H	PIK3CA	p.Q546R	FBXW7	p.S582L	1	0	0.0009	1060	0.0009431
TP53	p.R248Q	KRAS	p.G12D	ERBB3	p.V104M	1	1	0.0193	51.79	0.01912
TP53	p.R248Q	KRAS	p.A146T	PIK3CA	p.H1047Y	1	1	0.0034	297.1	0.003361
TP53	p.R248W	KRAS	p.A146T	PCBP1	p.L102Q	1	0	0.0021	480.9	0.002077
TP53	p.R273C	KRAS	p.G12D	FBXW7	p.S582L	1	0	0.0148	67.73	0.01466
TP53	p.R273C	KRAS	p.G12D	FBXW7	p.R689W	1	0	0.0074	135.5	0.007355
TP53	p.R273C	KRAS	p.G12D	PCBP1	p.L102P	1	0	0.0074	135.5	0.007355
TP53	p.R273C	PIK3CA	p.H1047R	FBXW7	p.R465H	1	1	0.0091	110.1	0.009045
TP53	p.R273C	PIK3CA	p.H1047R	BRAF	p.V640E	1	1	0.0386	25.9	0.03788
TP53	p.R273C	FBXW7	p.R465H	BRAF	p.V640E	1	1	0.0232	43.16	0.0229
TP53	p.R273C	FBXW7	p.S582L	FBXW7	p.R689W	1	0	0.0007	1468	0.0006812
TP53	p.R273C	FBXW7	p.S582L	PCBP1	p.L102P	1	0	0.0007	1468	0.0006812
TP53	p.R273C	FBXW7	p.R689W	PCBP1	p.L102P	1	0	0.0003	2935	0.0003407
TP53	p.R273C	SMAD4	p.R361H	ERBB2	p.V842I	1	0	0.0017	600.3	0.001664
TP53	p.G245S	TP53	p.R158H	PIK3CA	p.H1047R	1	1	0.0012	817.6	0.001222
TP53	p.G245S	TP53	p.R158H	BRAF	p.V640E	1	1	0.0031	320.6	0.003114
TP53	p.G245S	KRAS	p.G12D	KRAS	p.G13D	1	1	0.053	18.87	0.05162
TP53	p.G245S	PIK3CA	p.H1047R	BRAF	p.V640E	1	1	0.0208	48.09	0.02058
TP53	p.G245S	FBXW7	p.R465C	NRAS	p.G12D	1	0	0.0015	681.3	0.001467
TP53	p.A159P	KRAS	p.G12V	PIK3CA	p.M1043I	1	0	0.002	511	0.001955
TP53	p.R158H	PIK3CA	p.H1047R	BRAF	p.V640E	1	1	0.0089	112.2	0.008871
KRAS	p.G12D	PIK3CA	p.E545K	FBXW7	p.R465H	1	0	0.0863	11.59	0.08269
KRAS	p.G12D	PIK3CA	p.E545K	FBXW7	p.R465C	1	1	0.0647	15.45	0.06268
KRAS	p.G12D	PIK3CA	p.H1047R	BRAF	p.V640E	1	1	0.1931	5.18	0.1756
KRAS	p.G12D	PIK3CA	p.R88Q	FBXW7	p.R465C	1	0	0.0256	39.13	0.02523
KRAS	p.G12D	PIK3CA	p.E542K	PCBP1	p.L102P	1	0	0.0074	135.5	0.007355
KRAS	p.G12D	PIK3CA	p.C420R	PCBP1	p.L100Q	1	0	0.0083	120.1	0.008294
KRAS	p.G12D	PIK3CA	p.H1047Y	FBXW7	p.R465H	1	0	0.0091	110.1	0.009045
KRAS	p.G12D	PIK3CA	p.V344G	FBXW7	p.R465H	1	0	0.0068	146.8	0.006791
KRAS	p.G12D	FBXW7	p.S582L	FBXW7	p.R689W	1	0	0.0034	293.5	0.003401
KRAS	p.G12D	FBXW7	p.S582L	PCBP1	p.L102P	1	0	0.0034	293.5	0.003401
KRAS	p.G12D	FBXW7	p.R689W	PCBP1	p.L102P	1	0	0.0017	587	0.001702
KRAS	p.G12V	PIK3CA	p.E545K	PCBP1	p.L100Q	1	0	0.0682	14.67	0.06589
KRAS	p.G12V	PIK3CA	p.Q546K	PCBP1	p.L100Q	1	0	0.0054	185.8	0.005367
KRAS	p.G13D	PIK3CA	p.E545K	PIK3CA	p.E970K	1	0	0.0133	75.31	0.01319
KRAS	p.G13D	PIK3CA	p.E545K	SMAD4	p.R361C	1	0	0.0177	56.48	0.01755
KRAS	p.G13D	PIK3CA	p.E545K	PCBP1	p.L100Q	1	0	0.0487	20.54	0.04752
KRAS	p.G13D	PIK3CA	p.R88Q	CTNNB1	p.T41A	1	1	0.007	143.1	0.006965
KRAS	p.G13D	PIK3CA	p.E542K	CTNNB1	p.T41A	1	1	0.0061	165.1	0.006039
KRAS	p.G13D	PIK3CA	p.R357Q	PIK3CA	p.Y1021C	1	1	0.001	953.9	0.001048
KRAS	p.G13D	PIK3CA	p.R357Q	POLE	p.V411L	1	1	0.0014	715.4	0.001397
KRAS	p.G13D	PIK3CA	p.Y1021C	POLE	p.V411L	1	1	0.0014	715.4	0.001397
KRAS	p.A146T	PIK3CA	p.R88Q	PTEN	p.R130Q	1	1	0.0037	269.3	0.003706
KRAS	p.A146T	PIK3CA	p.R88Q	POLE	p.V411L	1	1	0.003	336.7	0.002966
KRAS	p.A146T	PIK3CA	p.Y1021C	ERBB3	p.V104M	1	1	0.0009	1122	0.0008907
KRAS	p.A146T	FBXW7	p.R465C	ERBB3	p.V104M	1	1	0.0027	374.1	0.00267
KRAS	p.A146T	PTEN	p.R130Q	POLE	p.V411L	1	1	0.001	1010	0.0009896
KRAS	p.G12A	PIK3CA	p.H1047R	PIK3CA	p.E726K	1	0	0.0026	390.2	0.002559
KRAS	p.G12A	PIK3CA	p.H1047R	SMAD4	p.R361C	1	0	0.0026	390.2	0.002559
KRAS	p.G12A	PIK3CA	p.E726K	SMAD4	p.R361C	1	0	0.0005	1951	0.0005124
KRAS	p.K117N	PIK3CA	p.R88Q	PIK3CA	p.M1043I	1	1	0.001	953.9	0.001048
KRAS	p.K117N	PIK3CA	p.R88Q	TCF7L2	p.R488C	1	1	0.0013	763.1	0.00131
KRAS	p.K117N	PIK3CA	p.R88Q	PTEN	p.R130Q	1	1	0.0013	763.1	0.00131
KRAS	p.K117N	PIK3CA	p.M1043I	TCF7L2	p.R488C	1	1	0.0003	2862	0.0003494
KRAS	p.K117N	PIK3CA	p.M1043I	PTEN	p.R130Q	1	1	0.0003	2862	0.0003494
KRAS	p.K117N	TCF7L2	p.R488C	PTEN	p.R130Q	1	1	0.0004	2289	0.0004367
KRAS	p.Q61H	PIK3CA	p.Q546R	FBXW7	p.S582L	1	0	0.0002	4769	0.0002096
PIK3CA	p.E545K	NRAS	p.Q61K	PCBP1	p.L100Q	1	0	0.0122	82.15	0.0121
PIK3CA	p.H1047R	PIK3CA	p.E726K	SMAD4	p.R361C	1	0	0.0009	1073	0.0009314
PIK3CA	p.H1047R	FBXW7	p.R465H	BRAF	p.V640E	1	1	0.0356	28.06	0.03502
PIK3CA	p.H1047R	FBXW7	p.R465C	BRAF	p.V640E	1	1	0.0267	37.41	0.02638
PIK3CA	p.R88Q	PIK3CA	p.M1043I	TCF7L2	p.R488C	1	1	0.0009	1145	0.0008732
PIK3CA	p.R88Q	PIK3CA	p.M1043I	PTEN	p.R130Q	1	1	0.0009	1145	0.0008732
PIK3CA	p.R88Q	PIK3CA	p.E970K	FBXW7	p.R14Q	1	1	0.0004	2544	0.0003931
PIK3CA	p.R88Q	PIK3CA	p.E970K	SMAD4	p.R361H	1	1	0.0014	693.7	0.00144
PIK3CA	p.R88Q	FBXW7	p.R14Q	SMAD4	p.R361H	1	1	0.0014	693.7	0.00144
PIK3CA	p.R88Q	SMAD4	p.R361C	BRAF	p.V640E	1	1	0.0089	112.2	0.008871
PIK3CA	p.R88Q	TCF7L2	p.R488C	PTEN	p.R130Q	1	1	0.0011	915.7	0.001091
PIK3CA	p.R88Q	PTEN	p.R130Q	MAP2K4	p.R134W	1	1	0.0007	1526	0.000655
PIK3CA	p.R88Q	POLE	p.V411L	MAP2K4	p.R134W	1	1	0.0005	1908	0.000524
PIK3CA	p.E542K	SMAD4	p.R361H	SMAD4	p.D537H	1	0	0.0012	800.5	0.001249
PIK3CA	p.E542K	SMAD4	p.R361H	MAP2K4	p.R134W	1	0	0.0012	800.5	0.001249
PIK3CA	p.E542K	SMAD4	p.D537H	MAP2K4	p.R134W	1	0	0.0003	2935	0.0003407
PIK3CA	p.H1047Y	PIK3CA	p.V344G	FBXW7	p.R465H	1	0	0.0004	2385	0.0004193
PIK3CA	p.M1043I	TCF7L2	p.R488C	PTEN	p.R130Q	1	1	0.0003	3434	0.0002912
PIK3CA	p.E970K	PIK3CA	p.R357Q	FBXW7	p.R14Q	1	1	0.0001	1.272e+04	7.862e-05
PIK3CA	p.E970K	PIK3CA	p.R357Q	POLE	p.V411L	1	1	0.0001	9539	0.0001048
PIK3CA	p.E970K	FBXW7	p.R14Q	SMAD4	p.R361H	1	1	0.0003	3469	0.0002883
PIK3CA	p.E970K	FBXW7	p.R14Q	POLE	p.V411L	1	1	0.0001	9539	0.0001048
PIK3CA	p.R357Q	PIK3CA	p.Y1021C	POLE	p.V411L	1	1	0.0001	9539	0.0001048
PIK3CA	p.R357Q	FBXW7	p.R14Q	POLE	p.V411L	1	1	0.0001	9539	0.0001048
PIK3CA	p.Y1021C	SMAD4	p.R361H	BRAF	p.V640E	1	1	0.0049	204	0.004889
FBXW7	p.S582L	FBXW7	p.R14Q	NRAS	p.Q61R	1	1	0.0002	6359	0.0001572
FBXW7	p.S582L	FBXW7	p.R689W	PCBP1	p.L102P	1	0	0.0002	6359	0.0001572
SMAD4	p.R361H	SMAD4	p.D537H	MAP2K4	p.R134W	1	0	0.0003	3469	0.0002883
PTEN	p.R130Q	POLE	p.V411L	MAP2K4	p.R134W	1	1	0.0002	5723	0.0001747
